/*
SQLyog Enterprise - MySQL GUI v8.01 
MySQL - 5.5.8-log : Database - tantalum_meta
*********************************************************************
*/
/*!40101 SET NAMES utf8 */;

/*!40101 SET SQL_MODE=''*/;

/*!40014 SET @OLD_FOREIGN_KEY_CHECKS=@@FOREIGN_KEY_CHECKS, FOREIGN_KEY_CHECKS=0 */;
/*!40101 SET @OLD_SQL_MODE=@@SQL_MODE, SQL_MODE='NO_AUTO_VALUE_ON_ZERO' */;

/*Table structure for table `tan_button` */

DROP TABLE IF EXISTS `tan_button`;

CREATE TABLE `tan_button` (
  `id` char(36) NOT NULL,
  `createdBy` int(11) unsigned DEFAULT NULL,
  `updatedBy` int(11) unsigned DEFAULT NULL,
  `creationDate` datetime DEFAULT NULL,
  `updateDate` datetime DEFAULT NULL,
  `updateProcess` varchar(100) DEFAULT NULL,
  `name` varchar(50) NOT NULL,
  `label` varchar(50) DEFAULT NULL,
  `viewID` char(36) NOT NULL,
  `buttonType` varchar(20) NOT NULL,
  `onClick` text,
  PRIMARY KEY (`id`),
  UNIQUE KEY `tableName` (`name`)
) ENGINE=InnoDB DEFAULT CHARSET=utf8;

/*Data for the table `tan_button` */

LOCK TABLES `tan_button` WRITE;

UNLOCK TABLES;

/*Table structure for table `tan_column` */

DROP TABLE IF EXISTS `tan_column`;

CREATE TABLE `tan_column` (
  `id` char(36) NOT NULL,
  `createdBy` int(11) unsigned DEFAULT NULL,
  `updatedBy` int(11) unsigned DEFAULT NULL,
  `creationDate` datetime DEFAULT NULL,
  `updateDate` datetime DEFAULT NULL,
  `updateProcess` varchar(100) DEFAULT NULL,
  `tableID` char(36) NOT NULL,
  `name` varchar(50) NOT NULL,
  `required` tinyint(3) unsigned NOT NULL DEFAULT '0',
  `displayOrder` int(11) NOT NULL DEFAULT '0',
  `columnType` varchar(20) DEFAULT NULL,
  `size` tinyint(4) DEFAULT NULL,
  `precision` tinyint(4) DEFAULT NULL,
  `dbName` varchar(50) NOT NULL,
  `label` varchar(50) DEFAULT NULL,
  PRIMARY KEY (`id`),
  UNIQUE KEY `tableName` (`name`,`tableID`),
  KEY `FK_tan_column` (`tableID`),
  CONSTRAINT `FK_tan_column` FOREIGN KEY (`tableID`) REFERENCES `tan_table` (`id`) ON DELETE CASCADE ON UPDATE CASCADE
) ENGINE=InnoDB DEFAULT CHARSET=utf8;

/*Data for the table `tan_column` */

LOCK TABLES `tan_column` WRITE;

insert  into `tan_column`(`id`,`createdBy`,`updatedBy`,`creationDate`,`updateDate`,`updateProcess`,`tableID`,`name`,`required`,`displayOrder`,`columnType`,`size`,`precision`,`dbName`,`label`) values ('179c8340-4207-11e0-8705-001c238ae411',NULL,NULL,NULL,NULL,NULL,'d397139d-4205-11e0-8705-001c238ae411','ToFieldID',1,50,'String',NULL,NULL,'toFieldID','ToFieldID'),('1c8e5729-3c64-11e0-8c47-001c238ae411',NULL,NULL,NULL,NULL,NULL,'fce9394a-9f57-11df-936f-e37ecc873ea2','IndexID',1,20,'String',NULL,NULL,'indexID','IndexID'),('1c981a94-3c64-11e0-8c47-001c238ae411',NULL,NULL,NULL,NULL,NULL,'fce9394a-9f57-11df-936f-e37ecc873ea2','IndexColumnID',1,10,'UUID',NULL,NULL,'id','IndexColumnID'),('1e663a3d-3e57-11e0-8705-001c238ae411',NULL,NULL,NULL,NULL,NULL,'fce929b7-9f57-11df-936f-e37ecc873ea2','AfterEdit',1,500,'String',NULL,NULL,'afteredit',NULL),('22f06ff8-3c50-11e0-8c47-001c238ae411',NULL,NULL,NULL,NULL,NULL,'fce937aa-9f57-11df-936f-e37ecc873ea2','TableID',1,20,'String',NULL,NULL,'tableID','Table ID'),('2cc151a7-3c64-11e0-8c47-001c238ae411',NULL,NULL,NULL,NULL,NULL,'fce9394a-9f57-11df-936f-e37ecc873ea2','ColumnID',1,30,'String',NULL,NULL,'columnID','ColumnID'),('34b8e1dc-9f56-11df-936f-e37ecc873ea2',NULL,NULL,NULL,NULL,NULL,'fce920bd-9f57-11df-936f-e37ecc873ea2','TableID',1,10,'UUID',11,NULL,'id','Table ID'),('34b8e6d9-9f56-11df-936f-e37ecc873ea2',NULL,NULL,NULL,NULL,NULL,'fce920bd-9f57-11df-936f-e37ecc873ea2','Name',1,20,'String',50,NULL,'name','Table name'),('34b8e8cf-9f56-11df-936f-e37ecc873ea2',NULL,NULL,NULL,NULL,NULL,'fce920bd-9f57-11df-936f-e37ecc873ea2','DatabaseName',1,30,'String',50,NULL,'dbName','DB name'),('34b8f09b-9f56-11df-936f-e37ecc873ea2',NULL,NULL,NULL,NULL,NULL,'fce924a9-9f57-11df-936f-e37ecc873ea2','Name',1,30,'String',50,NULL,'name','Name'),('34b8f27a-9f56-11df-936f-e37ecc873ea2',NULL,NULL,NULL,NULL,NULL,'fce924a9-9f57-11df-936f-e37ecc873ea2','ColumnID',1,10,'UUID',11,NULL,'id','ColumnID'),('34b8f465-9f56-11df-936f-e37ecc873ea2',NULL,NULL,NULL,NULL,NULL,'fce924a9-9f57-11df-936f-e37ecc873ea2','TableID',1,20,'String',11,NULL,'tableID','TableID'),('34b8f638-9f56-11df-936f-e37ecc873ea2',NULL,NULL,NULL,NULL,NULL,'fce924a9-9f57-11df-936f-e37ecc873ea2','Required',1,35,'Boolean',NULL,NULL,'required','Required'),('34b8f812-9f56-11df-936f-e37ecc873ea2',NULL,NULL,NULL,NULL,NULL,'fce924a9-9f57-11df-936f-e37ecc873ea2','Order',1,25,'Integer',11,NULL,'displayOrder','Order'),('34b8f9e5-9f56-11df-936f-e37ecc873ea2',NULL,NULL,NULL,NULL,NULL,'fce92fa4-9f57-11df-936f-e37ecc873ea2','ModelID',1,10,'UUID',11,NULL,'id','ModelID'),('34b8fd81-9f56-11df-936f-e37ecc873ea2',NULL,NULL,NULL,NULL,NULL,'fce92677-9f57-11df-936f-e37ecc873ea2','JoinID',1,10,'UUID',11,NULL,'id','JoinID'),('34b8ff5a-9f56-11df-936f-e37ecc873ea2',NULL,NULL,NULL,NULL,NULL,'fce92677-9f57-11df-936f-e37ecc873ea2','FromTableID',1,20,'String',11,NULL,'fromTableID',NULL),('34b90128-9f56-11df-936f-e37ecc873ea2',NULL,NULL,NULL,NULL,NULL,'fce92677-9f57-11df-936f-e37ecc873ea2','ToTableID',1,30,'String',11,NULL,'toTableID',NULL),('34b902f6-9f56-11df-936f-e37ecc873ea2',NULL,NULL,NULL,NULL,NULL,'fce92fa4-9f57-11df-936f-e37ecc873ea2','ResultsPerPage',0,30,'Integer',NULL,NULL,'resultsPerPage','Results per page'),('34b904c4-9f56-11df-936f-e37ecc873ea2',NULL,NULL,NULL,NULL,NULL,'fce924a9-9f57-11df-936f-e37ecc873ea2','Database',0,50,'String',50,NULL,'dbName','Database'),('34b90692-9f56-11df-936f-e37ecc873ea2',NULL,NULL,NULL,NULL,NULL,'fce92fa4-9f57-11df-936f-e37ecc873ea2','BasisTableID',0,60,'String',11,NULL,'basisTableID','BasisTableID'),('34b90860-9f56-11df-936f-e37ecc873ea2',NULL,NULL,NULL,NULL,NULL,'fce92fa4-9f57-11df-936f-e37ecc873ea2','Name',1,70,'String',50,NULL,'name','Name'),('34b90a28-9f56-11df-936f-e37ecc873ea2',NULL,NULL,NULL,NULL,NULL,'fce92fa4-9f57-11df-936f-e37ecc873ea2','ParentID',0,80,'String',11,NULL,'parentID','ParentID'),('34b90bf6-9f56-11df-936f-e37ecc873ea2',NULL,NULL,NULL,NULL,NULL,'fce92fa4-9f57-11df-936f-e37ecc873ea2','ReferenceID',0,90,'String',11,NULL,'referenceID','ReferenceID'),('34b92852-9f56-11df-936f-e37ecc873ea2',NULL,NULL,NULL,NULL,NULL,'fce93150-9f57-11df-936f-e37ecc873ea2','Type',1,10,'String',NULL,NULL,'enumType',NULL),('34b92ac5-9f56-11df-936f-e37ecc873ea2',NULL,NULL,NULL,NULL,NULL,'fce920bd-9f57-11df-936f-e37ecc873ea2','CreatedBy',0,240,'CreatedBy',NULL,NULL,'createdBy','CreatedBy'),('34b92ca5-9f56-11df-936f-e37ecc873ea2',NULL,NULL,NULL,NULL,NULL,'fce920bd-9f57-11df-936f-e37ecc873ea2','UpdatedBy',0,250,'UpdatedBy',NULL,NULL,'updatedBy','UpdatedBy'),('34b92e7e-9f56-11df-936f-e37ecc873ea2',NULL,NULL,NULL,NULL,NULL,'fce920bd-9f57-11df-936f-e37ecc873ea2','CreationDate',0,260,'CreationDate',NULL,NULL,'creationDate','CreationDate'),('34b93057-9f56-11df-936f-e37ecc873ea2',NULL,NULL,NULL,NULL,NULL,'fce920bd-9f57-11df-936f-e37ecc873ea2','UpdateDate',0,270,'UpdateDate',NULL,NULL,'updateDate','UpdateDate'),('34b93231-9f56-11df-936f-e37ecc873ea2',NULL,NULL,NULL,NULL,NULL,'fce920bd-9f57-11df-936f-e37ecc873ea2','UpdateProcess',0,280,'UpdateProcess',NULL,NULL,'updateProcess','UpdateProcess'),('34b933f9-9f56-11df-936f-e37ecc873ea2',NULL,NULL,NULL,NULL,NULL,'fce920bd-9f57-11df-936f-e37ecc873ea2','Project',0,90,'String',NULL,NULL,'projectID','Project ID'),('34b935c1-9f56-11df-936f-e37ecc873ea2',NULL,NULL,NULL,NULL,NULL,'fce920bd-9f57-11df-936f-e37ecc873ea2','Database',0,100,'String',NULL,NULL,'databaseID','Database ID'),('34b9378f-9f56-11df-936f-e37ecc873ea2',NULL,NULL,NULL,NULL,NULL,'fce924a9-9f57-11df-936f-e37ecc873ea2','ColumnType',1,60,'String',NULL,NULL,'columnType','ColumnType'),('34b9395d-9f56-11df-936f-e37ecc873ea2',NULL,NULL,NULL,NULL,NULL,'fce924a9-9f57-11df-936f-e37ecc873ea2','Size',1,70,'Integer',NULL,NULL,'size','Size'),('34b93b25-9f56-11df-936f-e37ecc873ea2',NULL,NULL,NULL,NULL,NULL,'fce924a9-9f57-11df-936f-e37ecc873ea2','Precision',1,80,'Integer',NULL,NULL,'precision','Precision'),('34b93cf3-9f56-11df-936f-e37ecc873ea2',NULL,NULL,NULL,NULL,NULL,'fce924a9-9f57-11df-936f-e37ecc873ea2','Label',0,90,'String',NULL,NULL,'label','Label'),('34b93ec7-9f56-11df-936f-e37ecc873ea2',NULL,NULL,NULL,NULL,NULL,'fce929b7-9f57-11df-936f-e37ecc873ea2','FieldID',1,10,'UUID',NULL,NULL,'id','FieldID'),('34b94095-9f56-11df-936f-e37ecc873ea2',NULL,NULL,NULL,NULL,NULL,'fce93150-9f57-11df-936f-e37ecc873ea2','Enum',1,20,'String',NULL,NULL,'enumValue',NULL),('34b94285-9f56-11df-936f-e37ecc873ea2',NULL,NULL,NULL,NULL,NULL,'fce93150-9f57-11df-936f-e37ecc873ea2','Meaning',0,30,'String',NULL,NULL,'meaning',NULL),('34b94453-9f56-11df-936f-e37ecc873ea2',NULL,NULL,NULL,NULL,NULL,'fce92677-9f57-11df-936f-e37ecc873ea2','CreatedBy',0,240,'CreatedBy',NULL,NULL,'createdBy',NULL),('34b94626-9f56-11df-936f-e37ecc873ea2',NULL,NULL,NULL,NULL,NULL,'fce92677-9f57-11df-936f-e37ecc873ea2','UpdatedBy',0,250,'UpdatedBy',NULL,NULL,'updatedBy',NULL),('34b94777-9f56-11df-936f-e37ecc873ea2',NULL,NULL,NULL,NULL,NULL,'fce92677-9f57-11df-936f-e37ecc873ea2','CreationDate',0,260,'CreationDate',NULL,NULL,'creationDate',NULL),('34b94911-9f56-11df-936f-e37ecc873ea2',NULL,NULL,NULL,NULL,NULL,'fce92677-9f57-11df-936f-e37ecc873ea2','UpdateDate',0,270,'UpdateDate',NULL,NULL,'updateDate',NULL),('34b94a68-9f56-11df-936f-e37ecc873ea2',NULL,NULL,NULL,NULL,NULL,'fce92677-9f57-11df-936f-e37ecc873ea2','UpdateProcess',0,280,'UpdateProcess',NULL,NULL,'updateProcess',NULL),('34b96e34-9f56-11df-936f-e37ecc873ea2',NULL,NULL,NULL,NULL,NULL,'fce929b7-9f57-11df-936f-e37ecc873ea2','CreatedBy',0,540,'CreatedBy',NULL,NULL,'createdBy',NULL),('34b96f85-9f56-11df-936f-e37ecc873ea2',NULL,NULL,NULL,NULL,NULL,'fce929b7-9f57-11df-936f-e37ecc873ea2','UpdatedBy',0,550,'UpdatedBy',NULL,NULL,'updatedBy',NULL),('34b970d0-9f56-11df-936f-e37ecc873ea2',NULL,NULL,NULL,NULL,NULL,'fce929b7-9f57-11df-936f-e37ecc873ea2','CreationDate',0,560,'CreationDate',NULL,NULL,'creationDate',NULL),('34b9721a-9f56-11df-936f-e37ecc873ea2',NULL,NULL,NULL,NULL,NULL,'fce929b7-9f57-11df-936f-e37ecc873ea2','UpdateDate',0,570,'UpdateDate',NULL,NULL,'updateDate',NULL),('34b9736b-9f56-11df-936f-e37ecc873ea2',NULL,NULL,NULL,NULL,NULL,'fce929b7-9f57-11df-936f-e37ecc873ea2','UpdateProcess',0,580,'UpdateProcess',NULL,NULL,'updateProcess',NULL),('34b974b6-9f56-11df-936f-e37ecc873ea2',NULL,NULL,NULL,NULL,NULL,'fce92fa4-9f57-11df-936f-e37ecc873ea2','CreatedBy',0,240,'CreatedBy',NULL,NULL,'createdBy','CreatedBy'),('34b97600-9f56-11df-936f-e37ecc873ea2',NULL,NULL,NULL,NULL,NULL,'fce92fa4-9f57-11df-936f-e37ecc873ea2','UpdatedBy',0,250,'UpdatedBy',NULL,NULL,'updatedBy','UpdatedBy'),('34b9774b-9f56-11df-936f-e37ecc873ea2',NULL,NULL,NULL,NULL,NULL,'fce92fa4-9f57-11df-936f-e37ecc873ea2','CreationDate',0,260,'CreationDate',NULL,NULL,'creationDate','CreationDate'),('34b9789c-9f56-11df-936f-e37ecc873ea2',NULL,NULL,NULL,NULL,NULL,'fce92fa4-9f57-11df-936f-e37ecc873ea2','UpdateDate',0,270,'UpdateDate',NULL,NULL,'updateDate','UpdateDate'),('34b979e6-9f56-11df-936f-e37ecc873ea2',NULL,NULL,NULL,NULL,NULL,'fce92fa4-9f57-11df-936f-e37ecc873ea2','UpdateProcess',0,280,'UpdateProcess',NULL,NULL,'updateProcess','UpdateProcess'),('34b97b70-9f56-11df-936f-e37ecc873ea2',NULL,NULL,NULL,NULL,NULL,'fce932f6-9f57-11df-936f-e37ecc873ea2','CreatedBy',0,240,'CreatedBy',NULL,NULL,'createdBy',NULL),('34b97cbb-9f56-11df-936f-e37ecc873ea2',NULL,NULL,NULL,NULL,NULL,'fce932f6-9f57-11df-936f-e37ecc873ea2','UpdatedBy',0,250,'UpdatedBy',NULL,NULL,'updatedBy',NULL),('34b97e0b-9f56-11df-936f-e37ecc873ea2',NULL,NULL,NULL,NULL,NULL,'fce932f6-9f57-11df-936f-e37ecc873ea2','CreationDate',0,260,'CreationDate',NULL,NULL,'creationDate',NULL),('34b97f56-9f56-11df-936f-e37ecc873ea2',NULL,NULL,NULL,NULL,NULL,'fce932f6-9f57-11df-936f-e37ecc873ea2','UpdateDate',0,270,'UpdateDate',NULL,NULL,'updateDate',NULL),('34b980a6-9f56-11df-936f-e37ecc873ea2',NULL,NULL,NULL,NULL,NULL,'fce932f6-9f57-11df-936f-e37ecc873ea2','UpdateProcess',0,280,'UpdateProcess',NULL,NULL,'updateProcess',NULL),('34b981f7-9f56-11df-936f-e37ecc873ea2',NULL,NULL,NULL,NULL,NULL,'fce932f6-9f57-11df-936f-e37ecc873ea2','Id',1,10,'UUID',11,NULL,'id',NULL),('34b98347-9f56-11df-936f-e37ecc873ea2',NULL,NULL,NULL,NULL,NULL,'fce93485-9f57-11df-936f-e37ecc873ea2','CreatedBy',0,240,'CreatedBy',NULL,NULL,'createdBy','CreatedBy'),('34b98492-9f56-11df-936f-e37ecc873ea2',NULL,NULL,NULL,NULL,NULL,'fce93485-9f57-11df-936f-e37ecc873ea2','UpdatedBy',0,250,'UpdatedBy',NULL,NULL,'updatedBy','UpdatedBy'),('34b985dd-9f56-11df-936f-e37ecc873ea2',NULL,NULL,NULL,NULL,NULL,'fce93485-9f57-11df-936f-e37ecc873ea2','CreationDate',0,260,'CreationDate',NULL,NULL,'creationDate','CreationDate'),('34b9873e-9f56-11df-936f-e37ecc873ea2',NULL,NULL,NULL,NULL,NULL,'fce93485-9f57-11df-936f-e37ecc873ea2','UpdateDate',0,270,'UpdateDate',NULL,NULL,'updateDate','UpdateDate'),('34b98895-9f56-11df-936f-e37ecc873ea2',NULL,NULL,NULL,NULL,NULL,'fce93485-9f57-11df-936f-e37ecc873ea2','UpdateProcess',0,280,'UpdateProcess',NULL,NULL,'updateProcess','UpdateProcess'),('34b989eb-9f56-11df-936f-e37ecc873ea2',NULL,NULL,NULL,NULL,NULL,'fce93485-9f57-11df-936f-e37ecc873ea2','ViewID',1,10,'UUID',11,NULL,'id','ViewID'),('34b98b41-9f56-11df-936f-e37ecc873ea2',NULL,NULL,NULL,NULL,NULL,'fce93615-9f57-11df-936f-e37ecc873ea2','CreatedBy',0,240,'CreatedBy',NULL,NULL,'createdBy',NULL),('34b9a5e6-9f56-11df-936f-e37ecc873ea2',NULL,NULL,NULL,NULL,NULL,'fce93615-9f57-11df-936f-e37ecc873ea2','UpdatedBy',0,250,'UpdatedBy',NULL,NULL,'updatedBy',NULL),('34b9a747-9f56-11df-936f-e37ecc873ea2',NULL,NULL,NULL,NULL,NULL,'fce93615-9f57-11df-936f-e37ecc873ea2','CreationDate',0,260,'CreationDate',NULL,NULL,'creationDate',NULL),('34b9a8a3-9f56-11df-936f-e37ecc873ea2',NULL,NULL,NULL,NULL,NULL,'fce93615-9f57-11df-936f-e37ecc873ea2','UpdateDate',0,270,'UpdateDate',NULL,NULL,'updateDate',NULL),('34b9a9f9-9f56-11df-936f-e37ecc873ea2',NULL,NULL,NULL,NULL,NULL,'fce93615-9f57-11df-936f-e37ecc873ea2','UpdateProcess',0,280,'UpdateProcess',NULL,NULL,'updateProcess',NULL),('34be5a72-9f56-11df-936f-e37ecc873ea2',NULL,NULL,NULL,NULL,NULL,'fce93615-9f57-11df-936f-e37ecc873ea2','ReferenceID',1,10,'UUID',11,NULL,'id','ReferenceID'),('34be5cad-9f56-11df-936f-e37ecc873ea2',NULL,NULL,NULL,NULL,NULL,'fce93af0-9f57-11df-936f-e37ecc873ea2','CreatedBy',0,240,'CreatedBy',NULL,NULL,'createdBy','CreatedBy'),('34be5e1f-9f56-11df-936f-e37ecc873ea2',NULL,NULL,NULL,NULL,NULL,'fce93af0-9f57-11df-936f-e37ecc873ea2','UpdatedBy',0,250,'UpdatedBy',NULL,NULL,'updatedBy','UpdatedBy'),('34be5fb4-9f56-11df-936f-e37ecc873ea2',NULL,NULL,NULL,NULL,NULL,'fce93af0-9f57-11df-936f-e37ecc873ea2','CreationDate',0,260,'CreationDate',NULL,NULL,'creationDate','CreationDate'),('34deb994-9f56-11df-936f-e37ecc873ea2',NULL,NULL,NULL,NULL,NULL,'fce93af0-9f57-11df-936f-e37ecc873ea2','UpdateDate',0,270,'UpdateDate',NULL,NULL,'updateDate','UpdateDate'),('34debc74-9f56-11df-936f-e37ecc873ea2',NULL,NULL,NULL,NULL,NULL,'fce93af0-9f57-11df-936f-e37ecc873ea2','UpdateProcess',0,280,'UpdateProcess',NULL,NULL,'updateProcess','UpdateProcess'),('34debe14-9f56-11df-936f-e37ecc873ea2',NULL,NULL,NULL,NULL,NULL,'fce93af0-9f57-11df-936f-e37ecc873ea2','JoinColumnID',1,10,'UUID',11,NULL,'id','JoinColumnID'),('34debf98-9f56-11df-936f-e37ecc873ea2',NULL,NULL,NULL,NULL,NULL,'fce93af0-9f57-11df-936f-e37ecc873ea2','Join',1,20,'String',NULL,NULL,'joinID','Join'),('34dec111-9f56-11df-936f-e37ecc873ea2',NULL,NULL,NULL,NULL,NULL,'fce93af0-9f57-11df-936f-e37ecc873ea2','FromColumnID',0,30,'String',NULL,NULL,'fromColumnID','FromColumnID'),('34dec3df-9f56-11df-936f-e37ecc873ea2',NULL,NULL,NULL,NULL,NULL,'fce93af0-9f57-11df-936f-e37ecc873ea2','FromConstant',0,40,'String',NULL,NULL,'fromText','FromConstant'),('34dec5be-9f56-11df-936f-e37ecc873ea2',NULL,NULL,NULL,NULL,NULL,'fce93af0-9f57-11df-936f-e37ecc873ea2','ToColumnID',1,50,'String',NULL,NULL,'toColumnID','ToColumnID'),('34dec737-9f56-11df-936f-e37ecc873ea2',NULL,NULL,NULL,NULL,NULL,'fce92677-9f57-11df-936f-e37ecc873ea2','Name',0,40,'String',NULL,NULL,'name',NULL),('34dec8a4-9f56-11df-936f-e37ecc873ea2',NULL,NULL,NULL,NULL,NULL,'fce92677-9f57-11df-936f-e37ecc873ea2','Type',1,50,'String',NULL,NULL,'joinType',NULL),('34deca1c-9f56-11df-936f-e37ecc873ea2',NULL,NULL,NULL,NULL,NULL,'fce929b7-9f57-11df-936f-e37ecc873ea2','ModelID',1,20,'String',NULL,NULL,'modelID','ModelID'),('34decb83-9f56-11df-936f-e37ecc873ea2',NULL,NULL,NULL,NULL,NULL,'fce929b7-9f57-11df-936f-e37ecc873ea2','Name',1,30,'String',NULL,NULL,'name','Field Name'),('34decd73-9f56-11df-936f-e37ecc873ea2',NULL,NULL,NULL,NULL,NULL,'fce929b7-9f57-11df-936f-e37ecc873ea2','BasisColumnID',0,40,'String',NULL,NULL,'basisColumnID','BasisColumnID'),('34deceec-9f56-11df-936f-e37ecc873ea2',NULL,NULL,NULL,NULL,NULL,'fce929b7-9f57-11df-936f-e37ecc873ea2','ReferenceID',0,50,'String',NULL,NULL,'referenceID','ReferenceID'),('34ded064-9f56-11df-936f-e37ecc873ea2',NULL,NULL,NULL,NULL,NULL,'fce929b7-9f57-11df-936f-e37ecc873ea2','Visible',1,60,'Boolean',NULL,NULL,'visible','Visible'),('34ded20a-9f56-11df-936f-e37ecc873ea2',NULL,NULL,NULL,NULL,NULL,'fce929b7-9f57-11df-936f-e37ecc873ea2','Label',0,70,'String',NULL,NULL,'label',NULL),('34ded377-9f56-11df-936f-e37ecc873ea2',NULL,NULL,NULL,NULL,NULL,'fce929b7-9f57-11df-936f-e37ecc873ea2','View',0,80,'String',NULL,NULL,'viewID','ViewID'),('34defdc5-9f56-11df-936f-e37ecc873ea2',NULL,NULL,NULL,NULL,NULL,'fce93485-9f57-11df-936f-e37ecc873ea2','Label',0,80,'String',NULL,NULL,'label','Label'),('34deff4f-9f56-11df-936f-e37ecc873ea2',NULL,NULL,NULL,NULL,NULL,'fce93485-9f57-11df-936f-e37ecc873ea2','Parent',0,90,'String',NULL,NULL,'parentID','Parent view'),('34df00b0-9f56-11df-936f-e37ecc873ea2',NULL,NULL,NULL,NULL,NULL,'fce93485-9f57-11df-936f-e37ecc873ea2','DisplayOrder',1,100,'Integer',NULL,NULL,'displayOrder','Order'),('34df0223-9f56-11df-936f-e37ecc873ea2',NULL,NULL,NULL,NULL,NULL,'fce93485-9f57-11df-936f-e37ecc873ea2','Model',1,20,'String',NULL,NULL,'modelID','ModelID'),('34df0396-9f56-11df-936f-e37ecc873ea2',NULL,NULL,NULL,NULL,NULL,'fce93485-9f57-11df-936f-e37ecc873ea2','Name',1,120,'String',NULL,NULL,'name','View name'),('34df0503-9f56-11df-936f-e37ecc873ea2',NULL,NULL,NULL,NULL,NULL,'fce929b7-9f57-11df-936f-e37ecc873ea2','DisplayOrder',1,140,'Integer',NULL,NULL,'displayOrder',NULL),('34df066a-9f56-11df-936f-e37ecc873ea2',NULL,NULL,NULL,NULL,NULL,'fce929b7-9f57-11df-936f-e37ecc873ea2','DisplayType',1,150,'String',NULL,NULL,'displayType',NULL),('34df07d7-9f56-11df-936f-e37ecc873ea2',NULL,NULL,NULL,NULL,NULL,'fce929b7-9f57-11df-936f-e37ecc873ea2','Size',1,160,'Integer',NULL,NULL,'size',NULL),('34df0944-9f56-11df-936f-e37ecc873ea2',NULL,NULL,NULL,NULL,NULL,'fce929b7-9f57-11df-936f-e37ecc873ea2','Addable',1,170,'Boolean',NULL,NULL,'addable',NULL),('34df0ab1-9f56-11df-936f-e37ecc873ea2',NULL,NULL,NULL,NULL,NULL,'fce929b7-9f57-11df-936f-e37ecc873ea2','Editable',1,180,'Boolean',NULL,NULL,'editable',NULL),('34df0c18-9f56-11df-936f-e37ecc873ea2',NULL,NULL,NULL,NULL,NULL,'fce929b7-9f57-11df-936f-e37ecc873ea2','Searchable',1,190,'Boolean',NULL,NULL,'searchable',NULL),('34df0d7f-9f56-11df-936f-e37ecc873ea2',NULL,NULL,NULL,NULL,NULL,'fce929b7-9f57-11df-936f-e37ecc873ea2','DefaultActionID',0,200,'String',NULL,NULL,'defaultActionID',NULL),('34df0f25-9f56-11df-936f-e37ecc873ea2',NULL,NULL,NULL,NULL,NULL,'fce929b7-9f57-11df-936f-e37ecc873ea2','ForceDefault',1,210,'Boolean',NULL,NULL,'forceDefault',NULL),('34df1070-9f56-11df-936f-e37ecc873ea2',NULL,NULL,NULL,NULL,NULL,'fce929b7-9f57-11df-936f-e37ecc873ea2','DefaultValue',0,220,'String',NULL,NULL,'defaultValue',NULL),('389d58ba-4200-11e0-8705-001c238ae411',NULL,NULL,NULL,NULL,NULL,'80f67124-41f9-11e0-8705-001c238ae411','Label',1,20,'String',NULL,NULL,'label','Label'),('3d90ffb4-4493-11e0-8705-001c238ae411',NULL,NULL,NULL,NULL,NULL,'27939565-4492-11e0-8705-001c238ae411','OrdinalPosition',1,40,'String',NULL,NULL,'ordinal_position','OrdinalPosition'),('3da13df0-4493-11e0-8705-001c238ae411',NULL,NULL,NULL,NULL,NULL,'27939565-4492-11e0-8705-001c238ae411','ColumnName',1,30,'String',NULL,NULL,'column_name','ColumnName'),('3daef82a-4493-11e0-8705-001c238ae411',NULL,NULL,NULL,NULL,NULL,'27939565-4492-11e0-8705-001c238ae411','TableName',1,20,'String',NULL,NULL,'table_name','TableName'),('3db5c690-4493-11e0-8705-001c238ae411',NULL,NULL,NULL,NULL,NULL,'27939565-4492-11e0-8705-001c238ae411','TableSchema',1,10,'String',NULL,NULL,'table_schema','TableSchema'),('51d4c34b-4493-11e0-8705-001c238ae411',NULL,NULL,NULL,NULL,NULL,'27939565-4492-11e0-8705-001c238ae411','CharacterMaximumLength',1,70,'String',NULL,NULL,'character_maximum_length','CharacterMaximumLength'),('51e3e1a5-4493-11e0-8705-001c238ae411',NULL,NULL,NULL,NULL,NULL,'27939565-4492-11e0-8705-001c238ae411','DataType',1,60,'String',NULL,NULL,'data_type','DataType'),('51ee505f-4493-11e0-8705-001c238ae411',NULL,NULL,NULL,NULL,NULL,'27939565-4492-11e0-8705-001c238ae411','IsNullable',1,50,'String',NULL,NULL,'is_nullable','IsNullable'),('625eb686-4495-11e0-8705-001c238ae411',NULL,NULL,NULL,NULL,NULL,'e2a96b9a-4494-11e0-8705-001c238ae411','Label',1,30,'String',NULL,NULL,'label','Label'),('626c3e62-4495-11e0-8705-001c238ae411',NULL,NULL,NULL,NULL,NULL,'e2a96b9a-4494-11e0-8705-001c238ae411','Name',1,20,'String',NULL,NULL,'name','Name'),('6274c66d-4495-11e0-8705-001c238ae411',NULL,NULL,NULL,NULL,NULL,'e2a96b9a-4494-11e0-8705-001c238ae411','ButtonID',1,10,'UUID',NULL,NULL,'id','ButtonID'),('6b8aa880-4495-11e0-8705-001c238ae411',NULL,NULL,NULL,NULL,NULL,'e2a96b9a-4494-11e0-8705-001c238ae411','ViewID',1,40,'String',NULL,NULL,'viewID','ViewID'),('72311831-4200-11e0-8705-001c238ae411',NULL,NULL,NULL,NULL,NULL,'80f67124-41f9-11e0-8705-001c238ae411','ViewID',0,30,'String',NULL,NULL,'viewID','ViewID'),('7a5a1bf5-4492-11e0-8705-001c238ae411',NULL,NULL,NULL,NULL,NULL,'27aa87c4-4492-11e0-8705-001c238ae411','Name',1,20,'String',NULL,NULL,'table_name','Name'),('7a799c0d-4492-11e0-8705-001c238ae411',NULL,NULL,NULL,NULL,NULL,'27aa87c4-4492-11e0-8705-001c238ae411','TableSchema',1,10,'String',NULL,NULL,'table_schema','Schema'),('7a80418e-3e59-11e0-8705-001c238ae411',NULL,NULL,NULL,NULL,NULL,'fce929b7-9f57-11df-936f-e37ecc873ea2','SortDirection',1,260,'String',NULL,NULL,'sortDirection',NULL),('7a8857f6-3e59-11e0-8705-001c238ae411',NULL,NULL,NULL,NULL,NULL,'fce929b7-9f57-11df-936f-e37ecc873ea2','SortOrder',1,250,'Integer',NULL,NULL,'sortOrder',NULL),('7cab8827-4241-11e0-8705-001c238ae411',NULL,NULL,NULL,NULL,NULL,'ee1f03e2-3f76-11e0-8705-001c238ae411','Industry',1,50,'String',NULL,NULL,'industry','Industry'),('7cb8e1b9-4241-11e0-8705-001c238ae411',NULL,NULL,NULL,NULL,NULL,'ee1f03e2-3f76-11e0-8705-001c238ae411','Status',1,40,'String',NULL,NULL,'status','Status'),('7cbc455e-4241-11e0-8705-001c238ae411',NULL,NULL,NULL,NULL,NULL,'ee1f03e2-3f76-11e0-8705-001c238ae411','Type',1,30,'String',NULL,NULL,'type','Type'),('7cc31414-4241-11e0-8705-001c238ae411',NULL,NULL,NULL,NULL,NULL,'ee1f03e2-3f76-11e0-8705-001c238ae411','Name',1,20,'String',NULL,NULL,'name','Name'),('7f99f7a4-4495-11e0-8705-001c238ae411',NULL,NULL,NULL,NULL,NULL,'e2a96b9a-4494-11e0-8705-001c238ae411','OnClick',0,60,'String',NULL,NULL,'onClick','OnClick'),('7fad94c1-4495-11e0-8705-001c238ae411',NULL,NULL,NULL,NULL,NULL,'e2a96b9a-4494-11e0-8705-001c238ae411','ButtonType',1,50,'String',NULL,NULL,'buttonType','ButtonType'),('9633bf64-41f9-11e0-8705-001c238ae411',NULL,NULL,NULL,NULL,NULL,'80f67124-41f9-11e0-8705-001c238ae411','MenuID',1,10,'UUID',NULL,NULL,'id','MenuID'),('9ccb22e5-4200-11e0-8705-001c238ae411',NULL,NULL,NULL,NULL,NULL,'80f67124-41f9-11e0-8705-001c238ae411','ParentID',1,40,'String',NULL,NULL,'parentID','ParentID'),('ac07057c-4206-11e0-8705-001c238ae411',NULL,NULL,NULL,NULL,NULL,'d397139d-4205-11e0-8705-001c238ae411','DetailID',1,10,'UUID',NULL,NULL,'id','DetailID'),('ad7a73f6-4240-11e0-8705-001c238ae411',NULL,NULL,NULL,NULL,NULL,'ee1f03e2-3f76-11e0-8705-001c238ae411','AccountID',1,10,'Integer',NULL,NULL,'id','AccountID'),('b1ba80e2-3dda-11e0-8705-001c238ae411',NULL,NULL,NULL,NULL,NULL,'fce93615-9f57-11df-936f-e37ecc873ea2','Name',0,50,'String',NULL,NULL,'name','Name'),('b1c439e5-3dda-11e0-8705-001c238ae411',NULL,NULL,NULL,NULL,NULL,'fce93615-9f57-11df-936f-e37ecc873ea2','ParentID',0,40,'String',NULL,NULL,'parentID','ParentID'),('b1c7a0cc-3dda-11e0-8705-001c238ae411',NULL,NULL,NULL,NULL,NULL,'fce93615-9f57-11df-936f-e37ecc873ea2','JoinID',1,30,'String',NULL,NULL,'joinID','JoinID'),('b2ad109d-3ef9-11e0-8705-001c238ae411',NULL,NULL,NULL,NULL,NULL,'fce929b7-9f57-11df-936f-e37ecc873ea2','SelectorID',1,240,'String',NULL,NULL,'selectorID','SelectorID'),('c67a2c0c-3c9d-11e0-8705-001c238ae411',NULL,NULL,NULL,NULL,NULL,'fce93485-9f57-11df-936f-e37ecc873ea2','ViewType',0,130,'String',NULL,NULL,'viewType','View type'),('db825fa1-3dd9-11e0-8705-001c238ae411',NULL,NULL,NULL,NULL,NULL,'fce93615-9f57-11df-936f-e37ecc873ea2','ModelID',1,20,'String',NULL,NULL,'modelID','ModelID'),('e0bba5fb-4200-11e0-8705-001c238ae411',NULL,NULL,NULL,NULL,NULL,'80f67124-41f9-11e0-8705-001c238ae411','DatabaseID',1,60,'String',NULL,NULL,'databaseID','DatabaseID'),('e0c53338-4200-11e0-8705-001c238ae411',NULL,NULL,NULL,NULL,NULL,'80f67124-41f9-11e0-8705-001c238ae411','Order',1,50,'String',NULL,NULL,'displayOrder','Order'),('e2e6a5cb-3c4f-11e0-8c47-001c238ae411',NULL,NULL,NULL,NULL,NULL,'fce937aa-9f57-11df-936f-e37ecc873ea2','IndexID',1,10,'UUID',NULL,NULL,'id','Index ID'),('f42d5fa4-3e56-11e0-8705-001c238ae411',NULL,NULL,NULL,NULL,NULL,'fce929b7-9f57-11df-936f-e37ecc873ea2','DefaultFieldID',0,230,'String',NULL,NULL,'defaultFieldID',NULL),('fca8258a-4206-11e0-8705-001c238ae411',NULL,NULL,NULL,NULL,NULL,'d397139d-4205-11e0-8705-001c238ae411','FromFieldID',1,40,'String',NULL,NULL,'fromFieldID','FromFieldID'),('fcb0ae2f-4206-11e0-8705-001c238ae411',NULL,NULL,NULL,NULL,NULL,'d397139d-4205-11e0-8705-001c238ae411','FieldActionID',1,30,'String',NULL,NULL,'fieldActionID','FieldActionID'),('fcb412db-4206-11e0-8705-001c238ae411',NULL,NULL,NULL,NULL,NULL,'d397139d-4205-11e0-8705-001c238ae411','FieldID',1,20,'String',NULL,NULL,'fieldID','FieldID'),('fce937aa-9f57-11df-936f-e37ecc873ea2',NULL,NULL,NULL,NULL,NULL,'fce937aa-9f57-11df-936f-e37ecc873ea2','UniqueIndex',1,30,'String',NULL,NULL,'uniqueIndex','Unique');

UNLOCK TABLES;

/*Table structure for table `tan_database` */

DROP TABLE IF EXISTS `tan_database`;

CREATE TABLE `tan_database` (
  `id` char(36) NOT NULL,
  `createdBy` int(11) unsigned DEFAULT NULL,
  `updatedBy` int(11) unsigned DEFAULT NULL,
  `creationDate` datetime DEFAULT NULL,
  `updateDate` datetime DEFAULT NULL,
  `updateProcess` varchar(100) DEFAULT NULL,
  `server` varchar(50) DEFAULT NULL,
  `database` varchar(50) DEFAULT NULL,
  `username` varchar(50) DEFAULT NULL,
  `password` varchar(50) DEFAULT NULL,
  PRIMARY KEY (`id`)
) ENGINE=InnoDB DEFAULT CHARSET=utf8;

/*Data for the table `tan_database` */

LOCK TABLES `tan_database` WRITE;

insert  into `tan_database`(`id`,`createdBy`,`updatedBy`,`creationDate`,`updateDate`,`updateProcess`,`server`,`database`,`username`,`password`) values ('4fb1a314-9f56-11df-936f-e37ecc873ea2',NULL,NULL,NULL,NULL,NULL,'localhost','tantalum_meta','root',''),('a7ad7d6f-3f76-11e0-8705-001c238ae411',NULL,NULL,NULL,NULL,NULL,'localhost','pics','root','');

UNLOCK TABLES;

/*Table structure for table `tan_enum_generic` */

DROP TABLE IF EXISTS `tan_enum_generic`;

CREATE TABLE `tan_enum_generic` (
  `enumType` varchar(50) NOT NULL,
  `value` varchar(50) NOT NULL,
  `meaning` varchar(100) DEFAULT NULL
) ENGINE=InnoDB DEFAULT CHARSET=utf8;

/*Data for the table `tan_enum_generic` */

LOCK TABLES `tan_enum_generic` WRITE;

insert  into `tan_enum_generic`(`enumType`,`value`,`meaning`) values ('JoinTypes','OO','One to one'),('JoinTypes','OM','One to many'),('DisplayTypes','RB','Radio button'),('DisplayTypes','TF','Text field'),('DisplayTypes','TA','Text area'),('DisplayTypes','SB','Select box');

UNLOCK TABLES;

/*Table structure for table `tan_field` */

DROP TABLE IF EXISTS `tan_field`;

CREATE TABLE `tan_field` (
  `id` char(36) NOT NULL,
  `createdBy` int(11) unsigned DEFAULT NULL,
  `updatedBy` int(11) unsigned DEFAULT NULL,
  `creationDate` datetime DEFAULT NULL,
  `updateDate` datetime DEFAULT NULL,
  `updateProcess` varchar(100) DEFAULT NULL,
  `modelID` char(36) NOT NULL,
  `name` varchar(100) NOT NULL,
  `basisColumnID` char(36) DEFAULT NULL,
  `referenceID` char(36) DEFAULT NULL,
  `visible` tinyint(4) unsigned NOT NULL DEFAULT '1',
  `label` varchar(50) DEFAULT NULL,
  `displayOrder` int(11) NOT NULL DEFAULT '10',
  `displayType` varchar(20) DEFAULT NULL,
  `viewID` char(36) DEFAULT NULL,
  `size` int(11) NOT NULL DEFAULT '0',
  `addable` tinyint(4) NOT NULL DEFAULT '1',
  `editable` tinyint(4) unsigned NOT NULL DEFAULT '1',
  `searchable` tinyint(4) unsigned NOT NULL DEFAULT '0',
  `defaultActionID` char(36) DEFAULT NULL,
  `forceDefault` tinyint(4) NOT NULL DEFAULT '0',
  `defaultValue` varchar(100) DEFAULT NULL,
  `defaultScript` text,
  `defaultFieldID` char(36) DEFAULT NULL,
  `defaultFieldType` varchar(20) DEFAULT NULL,
  `sortOrder` int(11) DEFAULT NULL,
  `sortDirection` varchar(4) DEFAULT NULL,
  `selectorID` char(36) DEFAULT NULL,
  `editor` text,
  `renderer` text,
  `afteredit` text,
  PRIMARY KEY (`id`),
  KEY `FK_tan_field_model` (`modelID`),
  KEY `FK_tan_field` (`referenceID`),
  CONSTRAINT `FK_tan_field` FOREIGN KEY (`referenceID`) REFERENCES `tan_reference` (`id`) ON DELETE SET NULL ON UPDATE CASCADE,
  CONSTRAINT `FK_tan_field_model` FOREIGN KEY (`modelID`) REFERENCES `tan_model` (`id`) ON DELETE CASCADE ON UPDATE CASCADE
) ENGINE=InnoDB DEFAULT CHARSET=utf8;

/*Data for the table `tan_field` */

LOCK TABLES `tan_field` WRITE;

insert  into `tan_field`(`id`,`createdBy`,`updatedBy`,`creationDate`,`updateDate`,`updateProcess`,`modelID`,`name`,`basisColumnID`,`referenceID`,`visible`,`label`,`displayOrder`,`displayType`,`viewID`,`size`,`addable`,`editable`,`searchable`,`defaultActionID`,`forceDefault`,`defaultValue`,`defaultScript`,`defaultFieldID`,`defaultFieldType`,`sortOrder`,`sortDirection`,`selectorID`,`editor`,`renderer`,`afteredit`) values ('12d2a7d0-3f67-11e0-8705-001c238ae411',NULL,NULL,NULL,NULL,NULL,'095e14d4-9f58-11df-936f-e37ecc873ea2','DefineModelFieldBasisColumnName','34b8f09b-9f56-11df-936f-e37ecc873ea2','b5ac0617-3f65-11e0-8705-001c238ae411',1,'Basis Column',52,NULL,'05d0777b-3c83-11e0-8c47-001c238ae411',0,1,1,0,NULL,0,NULL,NULL,NULL,NULL,NULL,NULL,NULL,NULL,NULL,NULL),('1c88300e-4494-11e0-8705-001c238ae411',NULL,NULL,NULL,NULL,NULL,'095e14d4-9f58-11df-936f-e37ecc873ea2','DefineModelFieldDefaultValue','34df1070-9f56-11df-936f-e37ecc873ea2',NULL,1,'Default Value',190,NULL,'05d0777b-3c83-11e0-8c47-001c238ae411',0,1,1,0,NULL,0,NULL,NULL,NULL,NULL,NULL,NULL,NULL,NULL,NULL,NULL),('1ea44dde-2911-11e0-b23a-001c238ae411',NULL,NULL,NULL,NULL,NULL,'095e1122-9f58-11df-936f-e37ecc873ea2','ListModelBasisTableName','34b8e6d9-9f56-11df-936f-e37ecc873ea2','1cf68a98-2909-11e0-b23a-001c238ae411',1,'Basis Table',45,'ComboBox','e8806a9d-9f57-11df-936f-e37ecc873ea2',0,1,1,0,NULL,0,NULL,NULL,NULL,NULL,NULL,NULL,'095e0687-9f58-11df-936f-e37ecc873ea2',NULL,NULL,NULL),('377cfd1c-3f6a-11e0-8705-001c238ae411',NULL,NULL,NULL,NULL,NULL,'095e14d4-9f58-11df-936f-e37ecc873ea2','DefineModelFieldBasisColumnNameTableID','34b8f465-9f56-11df-936f-e37ecc873ea2','b5ac0617-3f65-11e0-8705-001c238ae411',0,'BasisTableID',49,NULL,'05d0777b-3c83-11e0-8c47-001c238ae411',0,1,1,0,NULL,0,NULL,NULL,'b2ec97dd-3c80-11e0-8c47-001c238ae411',NULL,NULL,NULL,NULL,NULL,NULL,NULL),('3ef8edd7-3d11-11e0-8705-001c238ae411',NULL,NULL,NULL,NULL,NULL,'459404e9-3d0f-11e0-8705-001c238ae411','DefineTableIndexColumnIndexID','1c8e5729-3c64-11e0-8c47-001c238ae411',NULL,0,'IndexID',20,'String','32ee7a32-3d10-11e0-8705-001c238ae411',0,1,1,0,NULL,0,NULL,NULL,'ba5f02a8-3c51-11e0-8c47-001c238ae411',NULL,NULL,NULL,NULL,NULL,NULL,NULL),('3ef90a44-3d11-11e0-8705-001c238ae411',NULL,NULL,NULL,NULL,NULL,'459404e9-3d0f-11e0-8705-001c238ae411','DefineTableIndexColumnIndexColumnID','1c981a94-3c64-11e0-8c47-001c238ae411',NULL,0,'IndexColumnID',10,'UUID','32ee7a32-3d10-11e0-8705-001c238ae411',0,1,1,0,NULL,0,NULL,NULL,NULL,NULL,NULL,NULL,NULL,NULL,NULL,NULL),('3ef91f79-3d11-11e0-8705-001c238ae411',NULL,NULL,NULL,NULL,NULL,'459404e9-3d0f-11e0-8705-001c238ae411','DefineTableIndexColumnColumnID','2cc151a7-3c64-11e0-8c47-001c238ae411',NULL,1,'ColumnID',30,'String','32ee7a32-3d10-11e0-8705-001c238ae411',0,1,1,0,NULL,0,NULL,NULL,NULL,NULL,NULL,NULL,NULL,NULL,NULL,NULL),('407eacdd-3d13-11e0-8705-001c238ae411',NULL,NULL,NULL,NULL,NULL,'1588be02-3d0f-11e0-8705-001c238ae411','DefineTableJoinParentColumnCreatedBy','34be5cad-9f56-11df-936f-e37ecc873ea2',NULL,0,'Created by',240,'CreatedBy','be373ebd-3d10-11e0-8705-001c238ae411',0,1,1,0,NULL,0,NULL,NULL,NULL,NULL,NULL,NULL,NULL,NULL,NULL,NULL),('407eba7f-3d13-11e0-8705-001c238ae411',NULL,NULL,NULL,NULL,NULL,'1588be02-3d0f-11e0-8705-001c238ae411','DefineTableJoinParentColumnUpdatedBy','34be5e1f-9f56-11df-936f-e37ecc873ea2',NULL,0,'Updated by',250,'UpdatedBy','be373ebd-3d10-11e0-8705-001c238ae411',0,1,1,0,NULL,0,NULL,NULL,NULL,NULL,NULL,NULL,NULL,NULL,NULL,NULL),('407ebde8-3d13-11e0-8705-001c238ae411',NULL,NULL,NULL,NULL,NULL,'1588be02-3d0f-11e0-8705-001c238ae411','DefineTableJoinParentColumnCreationDate','34be5fb4-9f56-11df-936f-e37ecc873ea2',NULL,0,'Creation date',260,'CreationDate','be373ebd-3d10-11e0-8705-001c238ae411',0,1,1,0,NULL,0,NULL,NULL,NULL,NULL,NULL,NULL,NULL,NULL,NULL,NULL),('407ec0ea-3d13-11e0-8705-001c238ae411',NULL,NULL,NULL,NULL,NULL,'1588be02-3d0f-11e0-8705-001c238ae411','DefineTableJoinParentColumnUpdateDate','34deb994-9f56-11df-936f-e37ecc873ea2',NULL,0,'Update date',270,'UpdateDate','be373ebd-3d10-11e0-8705-001c238ae411',0,1,1,0,NULL,0,NULL,NULL,NULL,NULL,NULL,NULL,NULL,NULL,NULL,NULL),('407ec3db-3d13-11e0-8705-001c238ae411',NULL,NULL,NULL,NULL,NULL,'1588be02-3d0f-11e0-8705-001c238ae411','DefineTableJoinParentColumnUpdateProcess','34debc74-9f56-11df-936f-e37ecc873ea2',NULL,0,'Update process',280,'UpdateProcess','be373ebd-3d10-11e0-8705-001c238ae411',0,1,1,0,NULL,0,NULL,NULL,NULL,NULL,NULL,NULL,NULL,NULL,NULL,NULL),('407ec70a-3d13-11e0-8705-001c238ae411',NULL,NULL,NULL,NULL,NULL,'1588be02-3d0f-11e0-8705-001c238ae411','DefineTableJoinParentColumnId','34debe14-9f56-11df-936f-e37ecc873ea2',NULL,0,'ID',10,'UUID','be373ebd-3d10-11e0-8705-001c238ae411',0,1,1,0,NULL,0,NULL,NULL,NULL,NULL,NULL,NULL,NULL,NULL,NULL,NULL),('407ec9de-3d13-11e0-8705-001c238ae411',NULL,NULL,NULL,NULL,NULL,'1588be02-3d0f-11e0-8705-001c238ae411','DefineTableJoinParentColumnJoin','34debf98-9f56-11df-936f-e37ecc873ea2',NULL,0,'JoinID',20,'String','be373ebd-3d10-11e0-8705-001c238ae411',0,1,1,0,NULL,1,NULL,NULL,'55145c3c-9f56-11df-936f-e37ecc873ea2',NULL,NULL,NULL,NULL,NULL,NULL,NULL),('407ecc9c-3d13-11e0-8705-001c238ae411',NULL,NULL,NULL,NULL,NULL,'1588be02-3d0f-11e0-8705-001c238ae411','DefineTableJoinParentColumnFromColumnID','34dec111-9f56-11df-936f-e37ecc873ea2',NULL,1,'FromColumnID',30,'String','be373ebd-3d10-11e0-8705-001c238ae411',0,1,1,0,NULL,0,NULL,NULL,NULL,NULL,NULL,NULL,NULL,NULL,NULL,NULL),('407ecf59-3d13-11e0-8705-001c238ae411',NULL,NULL,NULL,NULL,NULL,'1588be02-3d0f-11e0-8705-001c238ae411','DefineTableJoinParentColumnFromConstant','34dec3df-9f56-11df-936f-e37ecc873ea2',NULL,0,'From constant',40,'String','be373ebd-3d10-11e0-8705-001c238ae411',0,1,1,0,NULL,0,NULL,NULL,NULL,NULL,NULL,NULL,NULL,NULL,NULL,NULL),('407ed815-3d13-11e0-8705-001c238ae411',NULL,NULL,NULL,NULL,NULL,'1588be02-3d0f-11e0-8705-001c238ae411','DefineTableJoinParentColumnToColumnID','34dec5be-9f56-11df-936f-e37ecc873ea2',NULL,1,'ToColumnID',50,'String','be373ebd-3d10-11e0-8705-001c238ae411',0,1,1,0,NULL,0,NULL,NULL,NULL,NULL,NULL,NULL,NULL,NULL,NULL,NULL),('4dec17ca-3e57-11e0-8705-001c238ae411',NULL,NULL,'2011-02-21 23:44:48',NULL,NULL,'095e14d4-9f58-11df-936f-e37ecc873ea2','DefineModelFieldDefaultFieldID','f42d5fa4-3e56-11e0-8705-001c238ae411',NULL,1,'DefaultFieldID',200,NULL,'05d0777b-3c83-11e0-8c47-001c238ae411',0,1,1,0,NULL,0,NULL,NULL,NULL,NULL,NULL,NULL,NULL,NULL,NULL,NULL),('55142ce5-9f56-11df-936f-e37ecc873ea2',NULL,NULL,NULL,NULL,NULL,'095e0687-9f58-11df-936f-e37ecc873ea2','ManageTablesTableID','34b8e1dc-9f56-11df-936f-e37ecc873ea2',NULL,1,'ID',10,'Text','e88065f5-9f57-11df-936f-e37ecc873ea2',100,1,1,0,NULL,0,NULL,NULL,NULL,NULL,NULL,NULL,NULL,NULL,NULL,NULL),('551431ba-9f56-11df-936f-e37ecc873ea2',NULL,NULL,NULL,NULL,NULL,'095e0687-9f58-11df-936f-e37ecc873ea2','ManageTablesName','34b8e6d9-9f56-11df-936f-e37ecc873ea2',NULL,1,'Table name',20,'Text','e88065f5-9f57-11df-936f-e37ecc873ea2',0,1,1,1,'5ba14a0d-9f56-11df-936f-e37ecc873ea2',0,NULL,NULL,NULL,NULL,10,NULL,NULL,NULL,NULL,'e.record.data.ManageTablesDatabaseName = \'tan_\' + e.value.toLowerCase();'),('551435fc-9f56-11df-936f-e37ecc873ea2',NULL,NULL,NULL,NULL,NULL,'095e0687-9f58-11df-936f-e37ecc873ea2','ManageTablesDatabaseName','34b8e8cf-9f56-11df-936f-e37ecc873ea2',NULL,1,'DB name',30,'Text','e88065f5-9f57-11df-936f-e37ecc873ea2',0,1,1,1,NULL,0,NULL,NULL,NULL,NULL,NULL,NULL,NULL,NULL,NULL,NULL),('5514388b-9f56-11df-936f-e37ecc873ea2',NULL,NULL,NULL,NULL,NULL,'095e0978-9f58-11df-936f-e37ecc873ea2','DefineTableTableID','34b8e1dc-9f56-11df-936f-e37ecc873ea2',NULL,1,'Table ID',10,'Text','e88068d5-9f57-11df-936f-e37ecc873ea2',0,1,1,0,NULL,0,NULL,NULL,NULL,NULL,NULL,NULL,NULL,NULL,NULL,NULL),('55143aee-9f56-11df-936f-e37ecc873ea2',NULL,NULL,NULL,NULL,NULL,'095e0978-9f58-11df-936f-e37ecc873ea2','DefineTableName','34b8e6d9-9f56-11df-936f-e37ecc873ea2',NULL,1,'Table name',20,'Text','e88068d5-9f57-11df-936f-e37ecc873ea2',0,1,1,0,NULL,0,NULL,NULL,NULL,NULL,10,NULL,NULL,NULL,NULL,NULL),('55143d50-9f56-11df-936f-e37ecc873ea2',NULL,NULL,NULL,NULL,NULL,'095e0978-9f58-11df-936f-e37ecc873ea2','DefineTableDatabaseName','34b8e8cf-9f56-11df-936f-e37ecc873ea2',NULL,1,'DB name',30,'Text','e88068d5-9f57-11df-936f-e37ecc873ea2',0,1,1,0,NULL,0,NULL,NULL,NULL,NULL,NULL,NULL,NULL,NULL,NULL,NULL),('55144b97-9f56-11df-936f-e37ecc873ea2',NULL,NULL,NULL,NULL,NULL,'095e0f48-9f58-11df-936f-e37ecc873ea2','DefineTableColumnName','34b8f09b-9f56-11df-936f-e37ecc873ea2',NULL,1,'Name',40,'Text','e8806e17-9f57-11df-936f-e37ecc873ea2',0,1,1,0,NULL,0,NULL,NULL,NULL,NULL,NULL,NULL,NULL,NULL,NULL,'e.record.data.DefineTableColumnDbName = e.value.substring(0,1).toLowerCase() + e.value.substring(1); e.record.data.DefineTableColumnLabel = e.value;'),('55144de3-9f56-11df-936f-e37ecc873ea2',NULL,NULL,NULL,NULL,NULL,'095e0f48-9f58-11df-936f-e37ecc873ea2','DefineTableColumnID','34b8f27a-9f56-11df-936f-e37ecc873ea2',NULL,0,'ID',10,'Text','e8806e17-9f57-11df-936f-e37ecc873ea2',0,1,1,0,NULL,0,NULL,NULL,NULL,NULL,NULL,NULL,NULL,NULL,NULL,NULL),('551454e2-9f56-11df-936f-e37ecc873ea2',NULL,NULL,NULL,NULL,NULL,'095e0f48-9f58-11df-936f-e37ecc873ea2','DefineTableColumnRequired','34b8f638-9f56-11df-936f-e37ecc873ea2',NULL,1,'Required',70,'Checkbox','e8806e17-9f57-11df-936f-e37ecc873ea2',0,1,1,0,NULL,0,'1',NULL,NULL,NULL,NULL,NULL,NULL,NULL,'function (value) {\r\n	return value ? \"Yes\" : \"No\";\r\n}\r\n',NULL),('55145749-9f56-11df-936f-e37ecc873ea2',NULL,NULL,NULL,NULL,NULL,'095e0f48-9f58-11df-936f-e37ecc873ea2','DefineTableColumnDisplayOrder','34b8f812-9f56-11df-936f-e37ecc873ea2',NULL,1,'Order',30,'Text','e8806e17-9f57-11df-936f-e37ecc873ea2',50,1,1,0,NULL,0,'(store.getCount() + 1) * 10','',NULL,NULL,10,NULL,NULL,'',NULL,NULL),('551459b1-9f56-11df-936f-e37ecc873ea2',NULL,NULL,NULL,NULL,NULL,'095e12fb-9f58-11df-936f-e37ecc873ea2','JoinFromTableID','34b8ff5a-9f56-11df-936f-e37ecc873ea2',NULL,0,'FromTableID',20,'Text','e8806fce-9f57-11df-936f-e37ecc873ea2',0,1,1,0,NULL,0,NULL,NULL,'5514388b-9f56-11df-936f-e37ecc873ea2','Hard',NULL,NULL,NULL,NULL,NULL,NULL),('55145c3c-9f56-11df-936f-e37ecc873ea2',NULL,NULL,NULL,NULL,NULL,'095e12fb-9f58-11df-936f-e37ecc873ea2','JoinJoinID','34b8fd81-9f56-11df-936f-e37ecc873ea2',NULL,1,'JoinID',10,'Text','e8806fce-9f57-11df-936f-e37ecc873ea2',0,0,1,0,NULL,0,NULL,NULL,NULL,NULL,NULL,NULL,NULL,NULL,NULL,NULL),('55145e8d-9f56-11df-936f-e37ecc873ea2',NULL,NULL,NULL,NULL,NULL,'095e1122-9f58-11df-936f-e37ecc873ea2','ListModelModelID','34b8f9e5-9f56-11df-936f-e37ecc873ea2',NULL,1,'Model ID',10,'Text','e8806a9d-9f57-11df-936f-e37ecc873ea2',225,0,1,0,NULL,0,NULL,NULL,NULL,NULL,NULL,NULL,NULL,NULL,NULL,NULL),('551460de-9f56-11df-936f-e37ecc873ea2',NULL,NULL,NULL,NULL,NULL,'095e12fb-9f58-11df-936f-e37ecc873ea2','JoinToTableID','34b90128-9f56-11df-936f-e37ecc873ea2',NULL,1,'ToTableID',30,'Text','e8806fce-9f57-11df-936f-e37ecc873ea2',0,1,1,0,NULL,0,NULL,NULL,NULL,NULL,NULL,NULL,NULL,NULL,NULL,NULL),('55146329-9f56-11df-936f-e37ecc873ea2',NULL,NULL,NULL,NULL,NULL,'095e12fb-9f58-11df-936f-e37ecc873ea2','JoinToTableName','34b8e6d9-9f56-11df-936f-e37ecc873ea2','e3258b49-9f57-11df-936f-e37ecc873ea2',1,'To table',40,'Text','e8806fce-9f57-11df-936f-e37ecc873ea2',0,1,1,0,'5ba14e54-9f56-11df-936f-e37ecc873ea2',0,NULL,NULL,NULL,NULL,20,NULL,'095e0687-9f58-11df-936f-e37ecc873ea2',NULL,NULL,NULL),('5514657a-9f56-11df-936f-e37ecc873ea2',NULL,NULL,NULL,NULL,NULL,'095e0f48-9f58-11df-936f-e37ecc873ea2','DefineTableColumnDbName','34b904c4-9f56-11df-936f-e37ecc873ea2',NULL,1,'Database',80,'Text','e8806e17-9f57-11df-936f-e37ecc873ea2',0,1,1,0,NULL,0,NULL,NULL,NULL,NULL,NULL,NULL,NULL,NULL,NULL,NULL),('551467c6-9f56-11df-936f-e37ecc873ea2',NULL,NULL,NULL,NULL,NULL,'095e1122-9f58-11df-936f-e37ecc873ea2','ListModelName','34b90860-9f56-11df-936f-e37ecc873ea2',NULL,1,'Model Name',20,'Text','e8806a9d-9f57-11df-936f-e37ecc873ea2',0,1,1,1,NULL,0,NULL,NULL,NULL,NULL,20,NULL,NULL,NULL,NULL,NULL),('55146a11-9f56-11df-936f-e37ecc873ea2',NULL,NULL,NULL,NULL,NULL,'095e0f48-9f58-11df-936f-e37ecc873ea2','DefineTableColumnTableID','34b8f465-9f56-11df-936f-e37ecc873ea2',NULL,0,'TableID',20,'Text','e8806e17-9f57-11df-936f-e37ecc873ea2',0,1,1,0,NULL,0,NULL,NULL,'5514388b-9f56-11df-936f-e37ecc873ea2','Hard',NULL,NULL,NULL,NULL,NULL,NULL),('55146ca7-9f56-11df-936f-e37ecc873ea2',NULL,NULL,NULL,NULL,NULL,'095e0f48-9f58-11df-936f-e37ecc873ea2','DefineTableColumnColumnType','34b9378f-9f56-11df-936f-e37ecc873ea2',NULL,1,'Type',50,'Combo','e8806e17-9f57-11df-936f-e37ecc873ea2',0,1,1,0,NULL,0,'\'String\'',NULL,NULL,NULL,NULL,NULL,NULL,'new Ext.form.ComboBox({\r\n    lazyRender: true,\r\n    mode: \'local\',\r\n    store: new Ext.data.ArrayStore({\r\n        id: 0,\r\n        fields: [\r\n            \'value\'\r\n        ],\r\n        data: [[\'AutoIncrement\'],[\'String\'],[\'Integer\'],[\'UUID\'],[\'CreatedBy\'],[\'CreationDate\'],[\'UpdateDate\'],[\'UpdateProcess\'],[\'UpdatedBy\']]\r\n    }),\r\n	typeAhead: true,\r\n    valueField: \'value\',\r\n    displayField: \'value\'\r\n})\r\n','',NULL),('5514735b-9f56-11df-936f-e37ecc873ea2',NULL,NULL,NULL,NULL,NULL,'095e12fb-9f58-11df-936f-e37ecc873ea2','JoinName','34dec737-9f56-11df-936f-e37ecc873ea2',NULL,1,'Name',12,'Text','e8806fce-9f57-11df-936f-e37ecc873ea2',0,1,1,0,NULL,0,NULL,NULL,NULL,NULL,10,NULL,NULL,NULL,NULL,NULL),('55147562-9f56-11df-936f-e37ecc873ea2',NULL,NULL,NULL,NULL,NULL,'095e12fb-9f58-11df-936f-e37ecc873ea2','JoinJoinType','34dec8a4-9f56-11df-936f-e37ecc873ea2',NULL,1,'Type',14,'Text','e8806fce-9f57-11df-936f-e37ecc873ea2',0,1,1,0,NULL,0,'0',NULL,NULL,NULL,NULL,NULL,NULL,NULL,NULL,NULL),('55147769-9f56-11df-936f-e37ecc873ea2',NULL,NULL,'2011-02-21 23:44:49',NULL,NULL,'095e14d4-9f58-11df-936f-e37ecc873ea2','DefineModelFieldFieldID','34b93ec7-9f56-11df-936f-e37ecc873ea2',NULL,0,'FieldID',10,'Text','05d0777b-3c83-11e0-8c47-001c238ae411',0,0,1,0,NULL,0,NULL,NULL,NULL,NULL,NULL,NULL,NULL,NULL,NULL,NULL),('55147970-9f56-11df-936f-e37ecc873ea2',NULL,NULL,'2011-02-21 23:44:50',NULL,NULL,'095e14d4-9f58-11df-936f-e37ecc873ea2','DefineModelFieldModelID','34deca1c-9f56-11df-936f-e37ecc873ea2',NULL,0,'ModelID',20,'Text','05d0777b-3c83-11e0-8c47-001c238ae411',100,1,1,0,NULL,0,NULL,NULL,'b2ec8e60-3c80-11e0-8c47-001c238ae411','Hard',NULL,NULL,NULL,NULL,NULL,NULL),('55147b82-9f56-11df-936f-e37ecc873ea2',NULL,NULL,'2011-02-21 23:44:50',NULL,NULL,'095e14d4-9f58-11df-936f-e37ecc873ea2','DefineModelFieldName','34decb83-9f56-11df-936f-e37ecc873ea2',NULL,1,'Field name',40,'Text','05d0777b-3c83-11e0-8c47-001c238ae411',200,1,1,0,NULL,0,NULL,NULL,NULL,NULL,NULL,NULL,NULL,NULL,NULL,NULL),('55147d89-9f56-11df-936f-e37ecc873ea2',NULL,NULL,'2011-02-21 23:44:47',NULL,NULL,'095e14d4-9f58-11df-936f-e37ecc873ea2','DefineModelFieldBasisColumn','34decd73-9f56-11df-936f-e37ecc873ea2',NULL,1,'BasisColumnID',50,'Text','05d0777b-3c83-11e0-8c47-001c238ae411',0,1,1,0,NULL,0,NULL,NULL,NULL,NULL,NULL,NULL,NULL,NULL,NULL,NULL),('551486f0-9f56-11df-936f-e37ecc873ea2',NULL,NULL,NULL,NULL,NULL,'095e16ae-9f58-11df-936f-e37ecc873ea2','ViewViewID','34b989eb-9f56-11df-936f-e37ecc873ea2',NULL,1,'ID',10,'Text','e8807c09-9f57-11df-936f-e37ecc873ea2',0,0,1,0,NULL,0,NULL,NULL,NULL,NULL,NULL,NULL,NULL,NULL,NULL,NULL),('55148947-9f56-11df-936f-e37ecc873ea2',NULL,NULL,NULL,NULL,NULL,'095e16ae-9f58-11df-936f-e37ecc873ea2','ViewModelID','34df0223-9f56-11df-936f-e37ecc873ea2',NULL,1,'View',10,'Text','e8807c09-9f57-11df-936f-e37ecc873ea2',0,1,1,0,NULL,0,NULL,NULL,NULL,NULL,NULL,NULL,NULL,NULL,NULL,NULL),('55148ba3-9f56-11df-936f-e37ecc873ea2',NULL,NULL,NULL,NULL,NULL,'095e1122-9f58-11df-936f-e37ecc873ea2','ListModelBasisTableID','34b90692-9f56-11df-936f-e37ecc873ea2',NULL,1,'BasisTableID',40,'Text','e8806a9d-9f57-11df-936f-e37ecc873ea2',220,1,1,0,NULL,0,NULL,NULL,NULL,NULL,NULL,NULL,NULL,NULL,NULL,NULL),('55148da5-9f56-11df-936f-e37ecc873ea2',NULL,NULL,NULL,NULL,NULL,'095e1122-9f58-11df-936f-e37ecc873ea2','ListModelResultsPerPage','34b902f6-9f56-11df-936f-e37ecc873ea2',NULL,1,'Results per page',100,'Text','e8806a9d-9f57-11df-936f-e37ecc873ea2',0,1,1,0,NULL,0,NULL,NULL,NULL,NULL,NULL,NULL,NULL,NULL,NULL,NULL),('55148fdf-9f56-11df-936f-e37ecc873ea2',NULL,NULL,NULL,NULL,NULL,'095e1122-9f58-11df-936f-e37ecc873ea2','ListModelParentID','34b90a28-9f56-11df-936f-e37ecc873ea2',NULL,1,'ParentID',50,'Text','e8806a9d-9f57-11df-936f-e37ecc873ea2',0,1,1,0,NULL,0,NULL,NULL,NULL,NULL,10,NULL,NULL,NULL,NULL,NULL),('551491e6-9f56-11df-936f-e37ecc873ea2',NULL,NULL,NULL,NULL,NULL,'095e1122-9f58-11df-936f-e37ecc873ea2','ListModelReferenceID','34b90bf6-9f56-11df-936f-e37ecc873ea2',NULL,1,'ReferenceID',60,'Text','e8806a9d-9f57-11df-936f-e37ecc873ea2',0,1,1,0,NULL,0,NULL,NULL,NULL,NULL,NULL,NULL,NULL,NULL,NULL,NULL),('551493ed-9f56-11df-936f-e37ecc873ea2',NULL,NULL,'2011-02-21 23:44:49',NULL,NULL,'095e14d4-9f58-11df-936f-e37ecc873ea2','DefineModelFieldLabel','34ded20a-9f56-11df-936f-e37ecc873ea2',NULL,1,'Field label',80,'Text','05d0777b-3c83-11e0-8c47-001c238ae411',0,1,1,0,NULL,0,NULL,NULL,NULL,NULL,NULL,NULL,NULL,NULL,NULL,NULL),('551495ee-9f56-11df-936f-e37ecc873ea2',NULL,NULL,NULL,NULL,NULL,'095e16ae-9f58-11df-936f-e37ecc873ea2','RegionLabel','34defdc5-9f56-11df-936f-e37ecc873ea2',NULL,1,'Label',10,NULL,'e8807c09-9f57-11df-936f-e37ecc873ea2',0,1,1,0,NULL,0,NULL,NULL,NULL,NULL,NULL,NULL,NULL,NULL,NULL,NULL),('551497f5-9f56-11df-936f-e37ecc873ea2',NULL,NULL,NULL,NULL,NULL,'095e16ae-9f58-11df-936f-e37ecc873ea2','RegionParent','34deff4f-9f56-11df-936f-e37ecc873ea2',NULL,1,'Parent',10,NULL,'e8807c09-9f57-11df-936f-e37ecc873ea2',0,1,1,0,NULL,0,NULL,NULL,NULL,NULL,10,NULL,NULL,NULL,NULL,NULL),('55149a0d-9f56-11df-936f-e37ecc873ea2',NULL,NULL,NULL,NULL,NULL,'095e16ae-9f58-11df-936f-e37ecc873ea2','RegionDisplayOrder','34df00b0-9f56-11df-936f-e37ecc873ea2',NULL,1,'Order',10,NULL,'e8807c09-9f57-11df-936f-e37ecc873ea2',0,1,1,0,NULL,0,NULL,NULL,NULL,NULL,NULL,NULL,NULL,NULL,NULL,NULL),('55149c1a-9f56-11df-936f-e37ecc873ea2',NULL,NULL,'2011-02-21 23:44:51',NULL,NULL,'095e14d4-9f58-11df-936f-e37ecc873ea2','DefineModelFieldVisible','34ded064-9f56-11df-936f-e37ecc873ea2',NULL,1,'Visible',70,NULL,'05d0777b-3c83-11e0-8c47-001c238ae411',5,1,1,0,NULL,0,'1',NULL,NULL,NULL,NULL,'0',NULL,NULL,NULL,NULL),('55149e32-9f56-11df-936f-e37ecc873ea2',NULL,NULL,'2011-02-21 23:44:50',NULL,NULL,'095e14d4-9f58-11df-936f-e37ecc873ea2','DefineModelFieldViewID','34ded377-9f56-11df-936f-e37ecc873ea2',NULL,1,'ViewID',60,NULL,'05d0777b-3c83-11e0-8c47-001c238ae411',0,1,1,0,NULL,0,NULL,NULL,NULL,NULL,NULL,NULL,NULL,NULL,NULL,NULL),('639271c3-3e5c-11e0-8705-001c238ae411',NULL,NULL,NULL,NULL,NULL,'095e14d4-9f58-11df-936f-e37ecc873ea2','DefineModelFieldReferenceID','34deceec-9f56-11df-936f-e37ecc873ea2',NULL,1,'ReferenceID',55,NULL,'05d0777b-3c83-11e0-8c47-001c238ae411',0,1,1,0,NULL,0,NULL,NULL,NULL,NULL,0,NULL,NULL,NULL,NULL,NULL),('6a330d81-422b-11e0-8705-001c238ae411',NULL,NULL,NULL,NULL,NULL,'9e6b94b8-422a-11e0-8705-001c238ae411','ManageMenusOrder','e0c53338-4200-11e0-8705-001c238ae411',NULL,1,'Order',50,'Text','8ae87650-422a-11e0-8705-001c238ae411',0,1,1,0,NULL,0,NULL,NULL,NULL,NULL,10,NULL,NULL,NULL,NULL,NULL),('6a3670e2-422b-11e0-8705-001c238ae411',NULL,NULL,NULL,NULL,NULL,'9e6b94b8-422a-11e0-8705-001c238ae411','ManageMenusParentID','9ccb22e5-4200-11e0-8705-001c238ae411',NULL,1,'ParentID',40,'Text','8ae87650-422a-11e0-8705-001c238ae411',0,1,1,0,NULL,0,NULL,NULL,NULL,NULL,NULL,NULL,NULL,NULL,NULL,NULL),('6a3ef271-422b-11e0-8705-001c238ae411',NULL,NULL,NULL,NULL,NULL,'9e6b94b8-422a-11e0-8705-001c238ae411','ManageMenusViewID','72311831-4200-11e0-8705-001c238ae411',NULL,1,'ViewID',30,'Text','8ae87650-422a-11e0-8705-001c238ae411',0,1,1,0,NULL,0,NULL,NULL,NULL,NULL,NULL,NULL,NULL,NULL,NULL,NULL),('6a42531b-422b-11e0-8705-001c238ae411',NULL,NULL,NULL,NULL,NULL,'9e6b94b8-422a-11e0-8705-001c238ae411','ManageMenusLabel','389d58ba-4200-11e0-8705-001c238ae411',NULL,1,'Label',20,'Text','8ae87650-422a-11e0-8705-001c238ae411',0,1,1,0,NULL,0,NULL,NULL,NULL,NULL,20,NULL,NULL,NULL,NULL,NULL),('6a4c807f-422b-11e0-8705-001c238ae411',NULL,NULL,NULL,NULL,NULL,'9e6b94b8-422a-11e0-8705-001c238ae411','ManageMenusMenuID','9633bf64-41f9-11e0-8705-001c238ae411',NULL,1,'MenuID',10,'Text','8ae87650-422a-11e0-8705-001c238ae411',0,1,1,0,NULL,0,NULL,NULL,NULL,NULL,NULL,NULL,NULL,NULL,NULL,NULL),('6e9813b6-3e5a-11e0-8705-001c238ae411',NULL,NULL,NULL,NULL,NULL,'095e14d4-9f58-11df-936f-e37ecc873ea2','DefineModelFieldSize','34df07d7-9f56-11df-936f-e37ecc873ea2',NULL,1,'Size',85,NULL,'05d0777b-3c83-11e0-8c47-001c238ae411',5,1,1,0,NULL,0,'0',NULL,NULL,NULL,NULL,NULL,NULL,NULL,NULL,NULL),('7f9cb132-3c9d-11e0-8705-001c238ae411',NULL,NULL,NULL,NULL,NULL,'095e0b79-9f58-11df-936f-e37ecc873ea2','WebpageListViewType','c67a2c0c-3c9d-11e0-8705-001c238ae411',NULL,1,'View type',55,NULL,'e8806c5f-9f57-11df-936f-e37ecc873ea2',0,1,1,0,NULL,0,NULL,NULL,NULL,NULL,NULL,NULL,NULL,NULL,NULL,NULL),('82968e85-3e57-11e0-8705-001c238ae411',NULL,NULL,'2011-02-21 23:44:48',NULL,NULL,'095e14d4-9f58-11df-936f-e37ecc873ea2','DefineModelFieldDisplayOrder','34df0503-9f56-11df-936f-e37ecc873ea2',NULL,1,'Order',75,NULL,'05d0777b-3c83-11e0-8c47-001c238ae411',0,1,1,0,NULL,0,'(store.getCount() + 1) * 10',NULL,NULL,NULL,10,NULL,NULL,NULL,NULL,NULL),('861f25be-2bff-11e0-bae7-001c238ae411',NULL,NULL,'2011-01-29 15:28:48',NULL,NULL,'095e0b79-9f58-11df-936f-e37ecc873ea2','WebpageListCreatedBy','34b98347-9f56-11df-936f-e37ecc873ea2',NULL,0,'CreatedBy',240,NULL,'e8806c5f-9f57-11df-936f-e37ecc873ea2',0,1,1,0,NULL,0,NULL,NULL,NULL,NULL,NULL,NULL,NULL,NULL,NULL,NULL),('861f31fe-2bff-11e0-bae7-001c238ae411',NULL,NULL,'2011-01-29 15:28:48',NULL,NULL,'095e0b79-9f58-11df-936f-e37ecc873ea2','WebpageListUpdatedBy','34b98492-9f56-11df-936f-e37ecc873ea2',NULL,0,'UpdatedBy',250,NULL,'e8806c5f-9f57-11df-936f-e37ecc873ea2',0,1,1,0,NULL,0,NULL,NULL,NULL,NULL,NULL,NULL,NULL,NULL,NULL,NULL),('861f35d3-2bff-11e0-bae7-001c238ae411',NULL,NULL,'2011-01-29 15:28:48',NULL,NULL,'095e0b79-9f58-11df-936f-e37ecc873ea2','WebpageListCreationDate','34b985dd-9f56-11df-936f-e37ecc873ea2',NULL,0,'CreationDate',260,NULL,'e8806c5f-9f57-11df-936f-e37ecc873ea2',0,1,1,0,NULL,0,NULL,NULL,NULL,NULL,NULL,NULL,NULL,NULL,NULL,NULL),('861f396f-2bff-11e0-bae7-001c238ae411',NULL,NULL,'2011-01-29 15:28:48',NULL,NULL,'095e0b79-9f58-11df-936f-e37ecc873ea2','WebpageListUpdateDate','34b9873e-9f56-11df-936f-e37ecc873ea2',NULL,0,'UpdateDate',270,NULL,'e8806c5f-9f57-11df-936f-e37ecc873ea2',0,1,1,0,NULL,0,NULL,NULL,NULL,NULL,NULL,NULL,NULL,NULL,NULL,NULL),('861f3cff-2bff-11e0-bae7-001c238ae411',NULL,NULL,'2011-01-29 15:28:48',NULL,NULL,'095e0b79-9f58-11df-936f-e37ecc873ea2','WebpageListUpdateProcess','34b98895-9f56-11df-936f-e37ecc873ea2',NULL,0,'UpdateProcess',280,NULL,'e8806c5f-9f57-11df-936f-e37ecc873ea2',0,1,1,0,NULL,0,NULL,NULL,NULL,NULL,NULL,NULL,NULL,NULL,NULL,NULL),('861f40d4-2bff-11e0-bae7-001c238ae411',NULL,NULL,'2011-01-29 15:28:48',NULL,NULL,'095e0b79-9f58-11df-936f-e37ecc873ea2','WebpageListId','34b989eb-9f56-11df-936f-e37ecc873ea2',NULL,1,'ViewID',10,NULL,'e8806c5f-9f57-11df-936f-e37ecc873ea2',0,1,1,0,NULL,0,NULL,NULL,NULL,NULL,NULL,NULL,NULL,NULL,NULL,NULL),('861f496e-2bff-11e0-bae7-001c238ae411',NULL,NULL,'2011-01-29 15:28:48',NULL,NULL,'095e0b79-9f58-11df-936f-e37ecc873ea2','WebpageListLabel','34defdc5-9f56-11df-936f-e37ecc873ea2',NULL,1,'Label',50,NULL,'e8806c5f-9f57-11df-936f-e37ecc873ea2',0,1,1,0,NULL,0,NULL,NULL,NULL,NULL,NULL,NULL,NULL,NULL,NULL,NULL),('861f4d7c-2bff-11e0-bae7-001c238ae411',NULL,NULL,'2011-01-29 15:28:48',NULL,NULL,'095e0b79-9f58-11df-936f-e37ecc873ea2','WebpageListParent','34deff4f-9f56-11df-936f-e37ecc873ea2',NULL,1,'ParentID',40,NULL,'e8806c5f-9f57-11df-936f-e37ecc873ea2',0,1,1,0,NULL,0,NULL,NULL,NULL,NULL,NULL,NULL,NULL,NULL,NULL,NULL),('861f50e4-2bff-11e0-bae7-001c238ae411',NULL,NULL,'2011-01-29 15:28:48',NULL,NULL,'095e0b79-9f58-11df-936f-e37ecc873ea2','WebpageListDisplayOrder','34df00b0-9f56-11df-936f-e37ecc873ea2',NULL,1,'Order',100,NULL,'e8806c5f-9f57-11df-936f-e37ecc873ea2',0,1,1,0,NULL,0,NULL,NULL,NULL,NULL,NULL,NULL,NULL,NULL,NULL,NULL),('861f5436-2bff-11e0-bae7-001c238ae411',NULL,NULL,'2011-01-29 15:28:48',NULL,NULL,'095e0b79-9f58-11df-936f-e37ecc873ea2','WebpageListModel','34df0223-9f56-11df-936f-e37ecc873ea2',NULL,1,'ModelID',30,NULL,'e8806c5f-9f57-11df-936f-e37ecc873ea2',0,1,1,0,NULL,0,NULL,NULL,NULL,NULL,NULL,NULL,NULL,NULL,NULL,NULL),('861f57cc-2bff-11e0-bae7-001c238ae411',NULL,NULL,'2011-01-29 15:28:48',NULL,NULL,'095e0b79-9f58-11df-936f-e37ecc873ea2','WebpageListName','34df0396-9f56-11df-936f-e37ecc873ea2',NULL,1,'View name',20,NULL,'e8806c5f-9f57-11df-936f-e37ecc873ea2',0,1,1,0,NULL,0,NULL,NULL,NULL,NULL,10,NULL,NULL,NULL,NULL,NULL),('9e449f97-422d-11e0-8705-001c238ae411',NULL,NULL,NULL,NULL,NULL,'8eeb3df8-422c-11e0-8705-001c238ae411','FieldReportDefaultValue','34df1070-9f56-11df-936f-e37ecc873ea2',NULL,1,'Default Value',60,NULL,'e06fe13d-422d-11e0-8705-001c238ae411',0,1,1,0,NULL,0,NULL,NULL,NULL,NULL,NULL,NULL,NULL,NULL,NULL,NULL),('9e52321f-422d-11e0-8705-001c238ae411',NULL,NULL,NULL,NULL,NULL,'8eeb3df8-422c-11e0-8705-001c238ae411','FieldReportAfterEdit','1e663a3d-3e57-11e0-8705-001c238ae411',NULL,1,'After Edit',50,NULL,'e06fe13d-422d-11e0-8705-001c238ae411',0,1,1,0,NULL,0,NULL,NULL,NULL,NULL,NULL,NULL,NULL,NULL,NULL,NULL),('9e5aa80d-422d-11e0-8705-001c238ae411',NULL,NULL,NULL,NULL,NULL,'8eeb3df8-422c-11e0-8705-001c238ae411','FieldReportDisplayOrder','34df0503-9f56-11df-936f-e37ecc873ea2',NULL,1,'Display Order',40,NULL,'e06fe13d-422d-11e0-8705-001c238ae411',0,1,1,0,NULL,0,NULL,NULL,NULL,NULL,NULL,NULL,NULL,NULL,NULL,NULL),('9e5e15ec-422d-11e0-8705-001c238ae411',NULL,NULL,NULL,NULL,NULL,'8eeb3df8-422c-11e0-8705-001c238ae411','FieldReportLabel','34ded20a-9f56-11df-936f-e37ecc873ea2',NULL,1,'Label',30,NULL,'e06fe13d-422d-11e0-8705-001c238ae411',0,1,1,0,NULL,0,NULL,NULL,NULL,NULL,NULL,NULL,NULL,NULL,NULL,NULL),('9e669060-422d-11e0-8705-001c238ae411',NULL,NULL,NULL,NULL,NULL,'8eeb3df8-422c-11e0-8705-001c238ae411','FieldReportName','34decb83-9f56-11df-936f-e37ecc873ea2',NULL,1,'Field Name',20,NULL,'e07828b3-422d-11e0-8705-001c238ae411',0,1,1,0,NULL,0,NULL,NULL,NULL,NULL,10,NULL,NULL,NULL,NULL,NULL),('a0208fee-3e59-11e0-8705-001c238ae411',NULL,NULL,NULL,NULL,NULL,'095e14d4-9f58-11df-936f-e37ecc873ea2','DefineModelFieldSortDirection','7a80418e-3e59-11e0-8705-001c238ae411',NULL,1,'Sort Direction',100,NULL,'05d0777b-3c83-11e0-8c47-001c238ae411',5,1,1,0,NULL,0,NULL,NULL,NULL,NULL,NULL,NULL,NULL,NULL,NULL,NULL),('a02cd984-3e59-11e0-8705-001c238ae411',NULL,NULL,NULL,NULL,NULL,'095e14d4-9f58-11df-936f-e37ecc873ea2','DefineModelFieldSortOrder','7a8857f6-3e59-11e0-8705-001c238ae411',NULL,1,'Sort Order',90,NULL,'05d0777b-3c83-11e0-8c47-001c238ae411',5,1,1,0,NULL,0,'0',NULL,NULL,NULL,NULL,NULL,NULL,NULL,NULL,NULL),('a8359eb5-3e5a-11e0-8705-001c238ae411',NULL,NULL,NULL,NULL,NULL,'095e14d4-9f58-11df-936f-e37ecc873ea2','DefineModelFieldDisplayType','34df066a-9f56-11df-936f-e37ecc873ea2',NULL,1,'Display Type',84,NULL,'05d0777b-3c83-11e0-8c47-001c238ae411',0,1,1,0,NULL,0,NULL,NULL,NULL,NULL,0,NULL,NULL,NULL,NULL,NULL),('a865c14a-430b-11e0-8705-001c238ae411',NULL,NULL,NULL,NULL,NULL,'5077d5a1-430b-11e0-8705-001c238ae411','ModelTreeModelID','34b8f9e5-9f56-11df-936f-e37ecc873ea2',NULL,1,'ModelID',10,NULL,NULL,0,1,1,0,NULL,0,NULL,NULL,NULL,NULL,NULL,NULL,NULL,NULL,NULL,NULL),('ae33cc0c-487d-11e0-9ee0-001c238ae411',NULL,NULL,NULL,NULL,NULL,'1588be02-3d0f-11e0-8705-001c238ae411','DefineTableJoinParentColumnToColumnName','34b8f09b-9f56-11df-936f-e37ecc873ea2','e14afc96-487d-11e0-9ee0-001c238ae411',1,'To Column',55,'String','be373ebd-3d10-11e0-8705-001c238ae411',0,1,1,0,NULL,0,NULL,NULL,NULL,NULL,0,NULL,NULL,NULL,NULL,NULL),('ae3c30fc-487d-11e0-9ee0-001c238ae411',NULL,NULL,NULL,NULL,NULL,'1588be02-3d0f-11e0-8705-001c238ae411','DefineTableJoinParentColumnFromColumnName','34b8f09b-9f56-11df-936f-e37ecc873ea2','e140c8ec-487d-11e0-9ee0-001c238ae411',1,'From Column',35,'String','be373ebd-3d10-11e0-8705-001c238ae411',0,1,1,0,NULL,0,NULL,NULL,NULL,NULL,NULL,NULL,NULL,'new Ext.form.ComboBox({\r\n    lazyRender: true,\r\n    mode: \'local\',\r\n    store: DefineTableColumnStore,\r\n    typeAhead: true,\r\nselectOnFocus: true,\r\n    valueField: \'DefineTableColumnName\',\r\n    displayField: \'DefineTableColumnName\',\r\n    listeners:{\r\n        \'select\': function(combo, record, index) {\r\n             this.gridEditor.record.data.DefineTableJoinParentColumnFromColumnID = record.data.DefineTableColumnID;\r\n        }\r\n    }\r\n})\r\n',NULL,NULL),('af73c337-3e5c-11e0-8705-001c238ae411',NULL,NULL,NULL,NULL,NULL,'459404e9-3d0f-11e0-8705-001c238ae411','DefineTableIndexColumnColumnName','34b8f09b-9f56-11df-936f-e37ecc873ea2','2dbc11c0-3e5c-11e0-8705-001c238ae411',1,'Column Name',40,'String','32ee7a32-3d10-11e0-8705-001c238ae411',0,1,1,0,NULL,0,NULL,NULL,NULL,NULL,0,NULL,NULL,NULL,NULL,NULL),('b2ec8e60-3c80-11e0-8c47-001c238ae411',NULL,NULL,NULL,NULL,NULL,'54e96e2a-3c7f-11e0-8c47-001c238ae411','DefineModelModelID','34b8f9e5-9f56-11df-936f-e37ecc873ea2',NULL,1,'ModelID',10,'UUID','88002361-3c7f-11e0-8c47-001c238ae411',0,1,1,0,NULL,0,NULL,NULL,NULL,NULL,NULL,NULL,NULL,NULL,NULL,NULL),('b2ec9497-3c80-11e0-8c47-001c238ae411',NULL,NULL,NULL,NULL,NULL,'54e96e2a-3c7f-11e0-8c47-001c238ae411','DefineModelResultsPerPage','34b902f6-9f56-11df-936f-e37ecc873ea2',NULL,1,'Results per page',40,'Integer','88002361-3c7f-11e0-8c47-001c238ae411',0,1,1,0,NULL,0,'100',NULL,NULL,NULL,NULL,NULL,NULL,NULL,NULL,NULL),('b2ec97dd-3c80-11e0-8c47-001c238ae411',NULL,NULL,NULL,NULL,NULL,'54e96e2a-3c7f-11e0-8c47-001c238ae411','DefineModelBasisTableID','34b90692-9f56-11df-936f-e37ecc873ea2',NULL,1,'BasisTableID',30,'String','88002361-3c7f-11e0-8c47-001c238ae411',0,1,1,0,NULL,0,NULL,NULL,NULL,NULL,NULL,NULL,NULL,NULL,NULL,NULL),('b2ec9b07-3c80-11e0-8c47-001c238ae411',NULL,NULL,NULL,NULL,NULL,'54e96e2a-3c7f-11e0-8c47-001c238ae411','DefineModelName','34b90860-9f56-11df-936f-e37ecc873ea2',NULL,1,'Model names',20,'String','88002361-3c7f-11e0-8c47-001c238ae411',200,1,1,1,NULL,0,NULL,NULL,NULL,NULL,10,NULL,NULL,NULL,NULL,NULL),('b2ec9e31-3c80-11e0-8c47-001c238ae411',NULL,NULL,NULL,NULL,NULL,'54e96e2a-3c7f-11e0-8c47-001c238ae411','DefineModelParentID','34b90a28-9f56-11df-936f-e37ecc873ea2',NULL,1,'ParentID',80,'String','88002361-3c7f-11e0-8c47-001c238ae411',0,1,1,0,NULL,0,NULL,NULL,NULL,NULL,NULL,NULL,NULL,NULL,NULL,NULL),('b2eca188-3c80-11e0-8c47-001c238ae411',NULL,NULL,NULL,NULL,NULL,'54e96e2a-3c7f-11e0-8c47-001c238ae411','DefineModelReferenceID','34b90bf6-9f56-11df-936f-e37ecc873ea2',NULL,1,'ReferenceID',90,'String','88002361-3c7f-11e0-8c47-001c238ae411',0,1,1,0,NULL,0,NULL,NULL,NULL,NULL,NULL,NULL,NULL,NULL,NULL,NULL),('b2eca479-3c80-11e0-8c47-001c238ae411',NULL,NULL,NULL,NULL,NULL,'54e96e2a-3c7f-11e0-8c47-001c238ae411','DefineModelCreatedBy','34b974b6-9f56-11df-936f-e37ecc873ea2',NULL,0,'CreatedBy',240,'CreatedBy','88002361-3c7f-11e0-8c47-001c238ae411',0,1,1,0,NULL,0,NULL,NULL,NULL,NULL,NULL,NULL,NULL,NULL,NULL,NULL),('b2eca76a-3c80-11e0-8c47-001c238ae411',NULL,NULL,NULL,NULL,NULL,'54e96e2a-3c7f-11e0-8c47-001c238ae411','DefineModelUpdatedBy','34b97600-9f56-11df-936f-e37ecc873ea2',NULL,0,'UpdatedBy',250,'UpdatedBy','88002361-3c7f-11e0-8c47-001c238ae411',0,1,1,0,NULL,0,NULL,NULL,NULL,NULL,NULL,NULL,NULL,NULL,NULL,NULL),('b2ecaa4a-3c80-11e0-8c47-001c238ae411',NULL,NULL,NULL,NULL,NULL,'54e96e2a-3c7f-11e0-8c47-001c238ae411','DefineModelCreationDate','34b9774b-9f56-11df-936f-e37ecc873ea2',NULL,0,'CreationDate',260,'CreationDate','88002361-3c7f-11e0-8c47-001c238ae411',0,1,1,0,NULL,0,NULL,NULL,NULL,NULL,NULL,NULL,NULL,NULL,NULL,NULL),('b2ecad7f-3c80-11e0-8c47-001c238ae411',NULL,NULL,NULL,NULL,NULL,'54e96e2a-3c7f-11e0-8c47-001c238ae411','DefineModelUpdateDate','34b9789c-9f56-11df-936f-e37ecc873ea2',NULL,0,'UpdateDate',270,'UpdateDate','88002361-3c7f-11e0-8c47-001c238ae411',0,1,1,0,NULL,0,NULL,NULL,NULL,NULL,NULL,NULL,NULL,NULL,NULL,NULL),('b2ecb064-3c80-11e0-8c47-001c238ae411',NULL,NULL,NULL,NULL,NULL,'54e96e2a-3c7f-11e0-8c47-001c238ae411','DefineModelUpdateProcess','34b979e6-9f56-11df-936f-e37ecc873ea2',NULL,0,'UpdateProcess',280,'UpdateProcess','88002361-3c7f-11e0-8c47-001c238ae411',0,1,1,0,NULL,0,NULL,NULL,NULL,NULL,NULL,NULL,NULL,NULL,NULL,NULL),('b3d7f28f-3f6a-11e0-8705-001c238ae411',NULL,NULL,NULL,NULL,NULL,'54e96e2a-3c7f-11e0-8c47-001c238ae411','DefineModelBasisTableName','34b8e6d9-9f56-11df-936f-e37ecc873ea2','88a6c21c-3f6a-11e0-8705-001c238ae411',1,'Basis Table',35,'String','88002361-3c7f-11e0-8c47-001c238ae411',0,1,1,0,NULL,0,NULL,NULL,NULL,NULL,NULL,NULL,NULL,NULL,NULL,NULL),('ba5efba3-3c51-11e0-8c47-001c238ae411',NULL,NULL,NULL,NULL,NULL,'e69acb51-3399-11e0-a9e1-00059a3c7800','DefineTableIndexesTableID','22f06ff8-3c50-11e0-8c47-001c238ae411',NULL,0,'Table ID',20,'String','ebb5eb9f-3bf5-11e0-8c47-001c238ae411',0,1,1,0,NULL,0,NULL,NULL,'5514388b-9f56-11df-936f-e37ecc873ea2',NULL,NULL,NULL,NULL,NULL,NULL,NULL),('ba5f02a8-3c51-11e0-8c47-001c238ae411',NULL,NULL,NULL,NULL,NULL,'e69acb51-3399-11e0-a9e1-00059a3c7800','DefineTableIndexesIndexID','e2e6a5cb-3c4f-11e0-8c47-001c238ae411',NULL,1,'Index ID',10,'UUID','ebb5eb9f-3bf5-11e0-8c47-001c238ae411',0,1,1,0,NULL,0,NULL,NULL,NULL,NULL,NULL,NULL,NULL,NULL,NULL,NULL),('ba5f05ee-3c51-11e0-8c47-001c238ae411',NULL,NULL,NULL,NULL,NULL,'e69acb51-3399-11e0-a9e1-00059a3c7800','DefineTableIndexesUniqueIndex','fce937aa-9f57-11df-936f-e37ecc873ea2',NULL,1,'Unique',30,'String','ebb5eb9f-3bf5-11e0-8c47-001c238ae411',0,1,1,0,NULL,0,NULL,NULL,NULL,NULL,NULL,NULL,NULL,NULL,NULL,NULL),('c35a7737-430b-11e0-8705-001c238ae411',NULL,NULL,NULL,NULL,NULL,'5077d5a1-430b-11e0-8705-001c238ae411','ModelTreeName','34b90860-9f56-11df-936f-e37ecc873ea2',NULL,1,'Model Name',20,NULL,NULL,0,1,1,0,NULL,0,NULL,NULL,NULL,NULL,NULL,'10',NULL,NULL,NULL,NULL),('cc7746c0-41fc-11e0-8705-001c238ae411',NULL,NULL,NULL,NULL,NULL,'095e14d4-9f58-11df-936f-e37ecc873ea2','DefineModelFieldAfterEdit','1e663a3d-3e57-11e0-8705-001c238ae411',NULL,1,'After Edit',220,NULL,'05d0777b-3c83-11e0-8c47-001c238ae411',0,1,1,0,NULL,0,NULL,NULL,NULL,NULL,0,NULL,NULL,NULL,NULL,NULL),('d0ec50f7-4241-11e0-8705-001c238ae411',NULL,NULL,NULL,NULL,NULL,'a4395be4-4241-11e0-8705-001c238ae411','ListAccountsAccountID','ad7a73f6-4240-11e0-8705-001c238ae411',NULL,1,'AccountID',10,NULL,'b417f3f2-4241-11e0-8705-001c238ae411',0,1,1,0,NULL,0,NULL,NULL,NULL,NULL,NULL,NULL,NULL,NULL,NULL,NULL),('d28a5668-3f67-11e0-8705-001c238ae411',NULL,NULL,NULL,NULL,NULL,'095e14d4-9f58-11df-936f-e37ecc873ea2','DefineModelFieldBasisColumnNameTableName','34b8e6d9-9f56-11df-936f-e37ecc873ea2','852ee65e-3f67-11e0-8705-001c238ae411',1,'Basis Table',51,NULL,'05d0777b-3c83-11e0-8c47-001c238ae411',0,1,1,0,NULL,0,NULL,NULL,NULL,NULL,0,NULL,NULL,NULL,NULL,NULL),('d7583852-422c-11e0-8705-001c238ae411',NULL,NULL,NULL,NULL,NULL,'8eeb3df8-422c-11e0-8705-001c238ae411','FieldReportFieldID','34b93ec7-9f56-11df-936f-e37ecc873ea2',NULL,1,'FieldID',10,NULL,'e06fe13d-422d-11e0-8705-001c238ae411',0,1,1,0,NULL,0,NULL,NULL,NULL,NULL,NULL,NULL,NULL,NULL,NULL,NULL),('dc9aa75d-3ef9-11e0-8705-001c238ae411',NULL,NULL,NULL,NULL,NULL,'095e14d4-9f58-11df-936f-e37ecc873ea2','DefineModelFieldSelectorID','b2ad109d-3ef9-11e0-8705-001c238ae411',NULL,1,'SelectorID',210,NULL,'05d0777b-3c83-11e0-8c47-001c238ae411',0,1,1,0,NULL,0,NULL,NULL,NULL,NULL,0,NULL,NULL,NULL,NULL,NULL),('dfee1f03-4241-11e0-8705-001c238ae411',NULL,NULL,NULL,NULL,NULL,'a4395be4-4241-11e0-8705-001c238ae411','ListAccountsName','7cc31414-4241-11e0-8705-001c238ae411',NULL,1,'Name',20,NULL,'b417f3f2-4241-11e0-8705-001c238ae411',200,1,1,0,NULL,0,NULL,NULL,NULL,NULL,10,NULL,NULL,NULL,NULL,NULL),('e6baa872-3e14-11e0-8705-001c238ae411',NULL,NULL,NULL,NULL,NULL,'fe0e7ad3-3399-11e0-a9e1-00059a3c7800','DefineModelModelModelID','34b8f9e5-9f56-11df-936f-e37ecc873ea2',NULL,1,'ModelID',10,'UUID','b7bc1542-3399-11e0-a9e1-00059a3c7800',0,1,1,0,NULL,0,NULL,NULL,NULL,NULL,NULL,NULL,NULL,NULL,NULL,NULL),('e6baae70-3e14-11e0-8705-001c238ae411',NULL,NULL,NULL,NULL,NULL,'fe0e7ad3-3399-11e0-a9e1-00059a3c7800','DefineModelModelResultsPerPage','34b902f6-9f56-11df-936f-e37ecc873ea2',NULL,1,'Results per page',30,'Integer','b7bc1542-3399-11e0-a9e1-00059a3c7800',0,1,1,0,NULL,0,NULL,NULL,NULL,NULL,NULL,NULL,NULL,NULL,NULL,NULL),('e6bab1e4-3e14-11e0-8705-001c238ae411',NULL,NULL,NULL,NULL,NULL,'fe0e7ad3-3399-11e0-a9e1-00059a3c7800','DefineModelModelBasisTableID','34b90692-9f56-11df-936f-e37ecc873ea2',NULL,1,'BasisTableID',60,'String','b7bc1542-3399-11e0-a9e1-00059a3c7800',0,1,1,0,NULL,0,NULL,NULL,NULL,NULL,NULL,NULL,NULL,NULL,NULL,NULL),('e6bac282-3e14-11e0-8705-001c238ae411',NULL,NULL,NULL,NULL,NULL,'fe0e7ad3-3399-11e0-a9e1-00059a3c7800','DefineModelModelName','34b90860-9f56-11df-936f-e37ecc873ea2',NULL,1,'Name',70,'String','b7bc1542-3399-11e0-a9e1-00059a3c7800',0,1,1,0,NULL,0,NULL,NULL,NULL,NULL,NULL,NULL,NULL,NULL,NULL,NULL),('e6bac5a6-3e14-11e0-8705-001c238ae411',NULL,NULL,NULL,NULL,NULL,'fe0e7ad3-3399-11e0-a9e1-00059a3c7800','DefineModelModelParentID','34b90a28-9f56-11df-936f-e37ecc873ea2',NULL,1,'ParentID',80,'String','b7bc1542-3399-11e0-a9e1-00059a3c7800',0,1,1,0,NULL,0,NULL,NULL,'b2ec8e60-3c80-11e0-8c47-001c238ae411',NULL,NULL,NULL,NULL,NULL,NULL,NULL),('e6bac8e1-3e14-11e0-8705-001c238ae411',NULL,NULL,NULL,NULL,NULL,'fe0e7ad3-3399-11e0-a9e1-00059a3c7800','DefineModelModelReferenceID','34b90bf6-9f56-11df-936f-e37ecc873ea2',NULL,1,'ReferenceID',90,'String','b7bc1542-3399-11e0-a9e1-00059a3c7800',0,1,1,0,NULL,0,NULL,NULL,NULL,NULL,NULL,NULL,NULL,NULL,NULL,NULL),('e6bacb93-3e14-11e0-8705-001c238ae411',NULL,NULL,NULL,NULL,NULL,'fe0e7ad3-3399-11e0-a9e1-00059a3c7800','DefineModelModelCreatedBy','34b974b6-9f56-11df-936f-e37ecc873ea2',NULL,0,'CreatedBy',240,'CreatedBy','b7bc1542-3399-11e0-a9e1-00059a3c7800',0,1,1,0,NULL,0,NULL,NULL,NULL,NULL,NULL,NULL,NULL,NULL,NULL,NULL),('e6bace3f-3e14-11e0-8705-001c238ae411',NULL,NULL,NULL,NULL,NULL,'fe0e7ad3-3399-11e0-a9e1-00059a3c7800','DefineModelModelUpdatedBy','34b97600-9f56-11df-936f-e37ecc873ea2',NULL,0,'UpdatedBy',250,'UpdatedBy','b7bc1542-3399-11e0-a9e1-00059a3c7800',0,1,1,0,NULL,0,NULL,NULL,NULL,NULL,NULL,NULL,NULL,NULL,NULL,NULL),('e6bad0ec-3e14-11e0-8705-001c238ae411',NULL,NULL,NULL,NULL,NULL,'fe0e7ad3-3399-11e0-a9e1-00059a3c7800','DefineModelModelCreationDate','34b9774b-9f56-11df-936f-e37ecc873ea2',NULL,0,'CreationDate',260,'CreationDate','b7bc1542-3399-11e0-a9e1-00059a3c7800',0,1,1,0,NULL,0,NULL,NULL,NULL,NULL,NULL,NULL,NULL,NULL,NULL,NULL),('e6bad3af-3e14-11e0-8705-001c238ae411',NULL,NULL,NULL,NULL,NULL,'fe0e7ad3-3399-11e0-a9e1-00059a3c7800','DefineModelModelUpdateDate','34b9789c-9f56-11df-936f-e37ecc873ea2',NULL,0,'UpdateDate',270,'UpdateDate','b7bc1542-3399-11e0-a9e1-00059a3c7800',0,1,1,0,NULL,0,NULL,NULL,NULL,NULL,NULL,NULL,NULL,NULL,NULL,NULL),('e6badbb4-3e14-11e0-8705-001c238ae411',NULL,NULL,NULL,NULL,NULL,'fe0e7ad3-3399-11e0-a9e1-00059a3c7800','DefineModelModelUpdateProcess','34b979e6-9f56-11df-936f-e37ecc873ea2',NULL,0,'UpdateProcess',280,'UpdateProcess','b7bc1542-3399-11e0-a9e1-00059a3c7800',0,1,1,0,NULL,0,NULL,NULL,NULL,NULL,NULL,NULL,NULL,NULL,NULL,NULL),('e6bb0c82-3e12-11e0-8705-001c238ae411',NULL,NULL,NULL,NULL,NULL,'2c35f8ba-3c86-11e0-8c47-001c238ae411','DefineModelReferenceCreatedBy','34b98b41-9f56-11df-936f-e37ecc873ea2',NULL,0,NULL,240,'CreatedBy','0df07b20-3c83-11e0-8c47-001c238ae411',0,1,1,0,NULL,0,NULL,NULL,NULL,NULL,NULL,NULL,NULL,NULL,NULL,NULL),('e6bb13bf-3e12-11e0-8705-001c238ae411',NULL,NULL,NULL,NULL,NULL,'2c35f8ba-3c86-11e0-8c47-001c238ae411','DefineModelReferenceUpdatedBy','34b9a5e6-9f56-11df-936f-e37ecc873ea2',NULL,0,NULL,250,'UpdatedBy','0df07b20-3c83-11e0-8c47-001c238ae411',0,1,1,0,NULL,0,NULL,NULL,NULL,NULL,NULL,NULL,NULL,NULL,NULL,NULL),('e6bb1767-3e12-11e0-8705-001c238ae411',NULL,NULL,NULL,NULL,NULL,'2c35f8ba-3c86-11e0-8c47-001c238ae411','DefineModelReferenceCreationDate','34b9a747-9f56-11df-936f-e37ecc873ea2',NULL,0,NULL,260,'CreationDate','0df07b20-3c83-11e0-8c47-001c238ae411',0,1,1,0,NULL,0,NULL,NULL,NULL,NULL,NULL,NULL,NULL,NULL,NULL,NULL),('e6bb1aa2-3e12-11e0-8705-001c238ae411',NULL,NULL,NULL,NULL,NULL,'2c35f8ba-3c86-11e0-8c47-001c238ae411','DefineModelReferenceUpdateDate','34b9a8a3-9f56-11df-936f-e37ecc873ea2',NULL,0,NULL,270,'UpdateDate','0df07b20-3c83-11e0-8c47-001c238ae411',0,1,1,0,NULL,0,NULL,NULL,NULL,NULL,NULL,NULL,NULL,NULL,NULL,NULL),('e6bb1dff-3e12-11e0-8705-001c238ae411',NULL,NULL,NULL,NULL,NULL,'2c35f8ba-3c86-11e0-8c47-001c238ae411','DefineModelReferenceUpdateProcess','34b9a9f9-9f56-11df-936f-e37ecc873ea2',NULL,0,NULL,280,'UpdateProcess','0df07b20-3c83-11e0-8c47-001c238ae411',0,1,1,0,NULL,0,NULL,NULL,NULL,NULL,NULL,NULL,NULL,NULL,NULL,NULL),('e6bb2162-3e12-11e0-8705-001c238ae411',NULL,NULL,NULL,NULL,NULL,'2c35f8ba-3c86-11e0-8c47-001c238ae411','DefineModelReferenceReferenceID','34be5a72-9f56-11df-936f-e37ecc873ea2',NULL,1,'ReferenceID',10,'UUID','0df07b20-3c83-11e0-8c47-001c238ae411',0,1,1,0,NULL,0,NULL,NULL,NULL,NULL,NULL,NULL,NULL,NULL,NULL,NULL),('e6bb24a8-3e12-11e0-8705-001c238ae411',NULL,NULL,NULL,NULL,NULL,'2c35f8ba-3c86-11e0-8c47-001c238ae411','DefineModelReferenceName','b1ba80e2-3dda-11e0-8705-001c238ae411',NULL,1,'Reference name',50,'String','0df07b20-3c83-11e0-8c47-001c238ae411',0,1,1,0,NULL,0,NULL,NULL,NULL,NULL,NULL,NULL,NULL,NULL,NULL,NULL),('e6bb2782-3e12-11e0-8705-001c238ae411',NULL,NULL,NULL,NULL,NULL,'2c35f8ba-3c86-11e0-8c47-001c238ae411','DefineModelReferenceParentID','b1c439e5-3dda-11e0-8705-001c238ae411',NULL,1,'ParentID',40,'String','0df07b20-3c83-11e0-8c47-001c238ae411',0,1,1,0,NULL,0,NULL,NULL,NULL,NULL,NULL,NULL,NULL,NULL,NULL,NULL),('e6bb2a73-3e12-11e0-8705-001c238ae411',NULL,NULL,NULL,NULL,NULL,'2c35f8ba-3c86-11e0-8c47-001c238ae411','DefineModelReferenceJoinID','b1c7a0cc-3dda-11e0-8705-001c238ae411',NULL,1,'JoinID',30,'String','0df07b20-3c83-11e0-8c47-001c238ae411',0,1,1,0,NULL,0,NULL,NULL,NULL,NULL,NULL,NULL,NULL,NULL,NULL,NULL),('e6bb2d69-3e12-11e0-8705-001c238ae411',NULL,NULL,NULL,NULL,NULL,'2c35f8ba-3c86-11e0-8c47-001c238ae411','DefineModelReferenceModelID','db825fa1-3dd9-11e0-8705-001c238ae411',NULL,1,'ModelID',20,'String','0df07b20-3c83-11e0-8c47-001c238ae411',0,1,1,0,NULL,0,NULL,NULL,'b2ec8e60-3c80-11e0-8c47-001c238ae411',NULL,NULL,NULL,NULL,NULL,NULL,NULL),('e7a520e6-2c12-11e0-bae7-001c238ae411',NULL,NULL,NULL,NULL,NULL,'095e0f48-9f58-11df-936f-e37ecc873ea2','DefineTableColumnLabel','34b93cf3-9f56-11df-936f-e37ecc873ea2',NULL,1,'Label',60,'Text','e8806e17-9f57-11df-936f-e37ecc873ea2',0,1,1,0,NULL,0,NULL,NULL,NULL,NULL,NULL,NULL,NULL,NULL,NULL,NULL),('f0d13d8f-430e-11e0-8705-001c238ae411',NULL,NULL,NULL,NULL,NULL,'5077d5a1-430b-11e0-8705-001c238ae411','ModelTreeParentID','34b90a28-9f56-11df-936f-e37ecc873ea2',NULL,1,'ParentID',30,NULL,NULL,0,1,1,0,NULL,0,NULL,NULL,NULL,NULL,0,NULL,NULL,NULL,NULL,NULL);

UNLOCK TABLES;

/*Table structure for table `tan_field_action` */

DROP TABLE IF EXISTS `tan_field_action`;

CREATE TABLE `tan_field_action` (
  `id` char(36) NOT NULL,
  `createdBy` int(11) unsigned DEFAULT NULL,
  `updatedBy` int(11) unsigned DEFAULT NULL,
  `creationDate` datetime DEFAULT NULL,
  `updateDate` datetime DEFAULT NULL,
  `updateProcess` varchar(100) DEFAULT NULL,
  `name` varchar(50) NOT NULL,
  `label` varchar(50) DEFAULT NULL,
  `fieldID` char(36) DEFAULT NULL,
  `defaultAction` tinyint(3) unsigned NOT NULL DEFAULT '0',
  PRIMARY KEY (`id`),
  KEY `tableName` (`name`,`fieldID`)
) ENGINE=InnoDB DEFAULT CHARSET=utf8;

/*Data for the table `tan_field_action` */

LOCK TABLES `tan_field_action` WRITE;

insert  into `tan_field_action`(`id`,`createdBy`,`updatedBy`,`creationDate`,`updateDate`,`updateProcess`,`name`,`label`,`fieldID`,`defaultAction`) values ('5ba14a0d-9f56-11df-936f-e37ecc873ea2',NULL,NULL,NULL,NULL,NULL,'DefineTable','DefineTable','551431ba-9f56-11df-936f-e37ecc873ea2',0),('5ba14e54-9f56-11df-936f-e37ecc873ea2',NULL,NULL,NULL,NULL,NULL,'DefineTable','DefineTable','55146329-9f56-11df-936f-e37ecc873ea2',0);

UNLOCK TABLES;

/*Table structure for table `tan_field_action_detail` */

DROP TABLE IF EXISTS `tan_field_action_detail`;

CREATE TABLE `tan_field_action_detail` (
  `id` char(36) NOT NULL,
  `createdBy` int(11) unsigned DEFAULT NULL,
  `updatedBy` int(11) unsigned DEFAULT NULL,
  `creationDate` datetime DEFAULT NULL,
  `updateDate` datetime DEFAULT NULL,
  `updateProcess` varchar(100) DEFAULT NULL,
  `fieldID` char(36) DEFAULT NULL,
  `fieldActionID` char(36) DEFAULT NULL,
  `fromFieldID` char(36) DEFAULT NULL,
  `toFieldID` char(36) DEFAULT NULL,
  PRIMARY KEY (`id`)
) ENGINE=InnoDB DEFAULT CHARSET=utf8;

/*Data for the table `tan_field_action_detail` */

LOCK TABLES `tan_field_action_detail` WRITE;

insert  into `tan_field_action_detail`(`id`,`createdBy`,`updatedBy`,`creationDate`,`updateDate`,`updateProcess`,`fieldID`,`fieldActionID`,`fromFieldID`,`toFieldID`) values ('31d533af-3f09-11e0-8705-001c238ae411',NULL,NULL,NULL,NULL,NULL,'1ea44dde-2911-11e0-b23a-001c238ae411',NULL,'551431ba-9f56-11df-936f-e37ecc873ea2','1ea44dde-2911-11e0-b23a-001c238ae411'),('4b39adcf-3f09-11e0-8705-001c238ae411',NULL,NULL,NULL,NULL,NULL,'1ea44dde-2911-11e0-b23a-001c238ae411',NULL,'55142ce5-9f56-11df-936f-e37ecc873ea2','55148ba3-9f56-11df-936f-e37ecc873ea2'),('61eae37b-9f56-11df-936f-e37ecc873ea2',NULL,NULL,NULL,NULL,NULL,'55142ce5-9f56-11df-936f-e37ecc873ea2','5ba14a0d-9f56-11df-936f-e37ecc873ea2','55142ce5-9f56-11df-936f-e37ecc873ea2','5514388b-9f56-11df-936f-e37ecc873ea2'),('61eae806-9f56-11df-936f-e37ecc873ea2',NULL,NULL,NULL,NULL,NULL,'551460de-9f56-11df-936f-e37ecc873ea2','5ba14e54-9f56-11df-936f-e37ecc873ea2','551460de-9f56-11df-936f-e37ecc873ea2','5514388b-9f56-11df-936f-e37ecc873ea2');

UNLOCK TABLES;

/*Table structure for table `tan_index` */

DROP TABLE IF EXISTS `tan_index`;

CREATE TABLE `tan_index` (
  `id` char(36) NOT NULL,
  `createdBy` int(11) unsigned DEFAULT NULL,
  `updatedBy` int(11) unsigned DEFAULT NULL,
  `creationDate` datetime DEFAULT NULL,
  `updateDate` datetime DEFAULT NULL,
  `updateProcess` varchar(100) DEFAULT NULL,
  `tableID` char(36) DEFAULT NULL,
  `displayOrder` tinyint(4) unsigned NOT NULL DEFAULT '1',
  `uniqueIndex` tinyint(4) unsigned NOT NULL DEFAULT '1',
  PRIMARY KEY (`id`),
  KEY `tableID` (`displayOrder`),
  KEY `FK_tan_index` (`tableID`),
  CONSTRAINT `FK_tan_index` FOREIGN KEY (`tableID`) REFERENCES `tan_table` (`id`) ON DELETE CASCADE ON UPDATE CASCADE
) ENGINE=InnoDB DEFAULT CHARSET=utf8;

/*Data for the table `tan_index` */

LOCK TABLES `tan_index` WRITE;

insert  into `tan_index`(`id`,`createdBy`,`updatedBy`,`creationDate`,`updateDate`,`updateProcess`,`tableID`,`displayOrder`,`uniqueIndex`) values ('0936dc51-3c9d-11e0-8705-001c238ae411',NULL,NULL,'2011-02-19 18:56:50',NULL,NULL,'fce93af0-9f57-11df-936f-e37ecc873ea2',1,1),('7c145395-9f57-11df-936f-e37ecc873ea2',NULL,NULL,NULL,NULL,NULL,'fce920bd-9f57-11df-936f-e37ecc873ea2',1,1),('7c145675-9f57-11df-936f-e37ecc873ea2',NULL,NULL,NULL,NULL,NULL,'fce924a9-9f57-11df-936f-e37ecc873ea2',1,1),('7c145815-9f57-11df-936f-e37ecc873ea2',NULL,NULL,NULL,NULL,NULL,'fce92677-9f57-11df-936f-e37ecc873ea2',1,1),('7c145b2e-9f57-11df-936f-e37ecc873ea2',NULL,NULL,NULL,NULL,NULL,'fce929b7-9f57-11df-936f-e37ecc873ea2',1,1),('7c145cb7-9f57-11df-936f-e37ecc873ea2',NULL,NULL,NULL,NULL,NULL,'fce92fa4-9f57-11df-936f-e37ecc873ea2',1,1),('7c145e3b-9f57-11df-936f-e37ecc873ea2',NULL,NULL,NULL,NULL,NULL,'fce93150-9f57-11df-936f-e37ecc873ea2',1,1),('7c145fc5-9f57-11df-936f-e37ecc873ea2',NULL,NULL,NULL,NULL,NULL,'fce932f6-9f57-11df-936f-e37ecc873ea2',1,1),('839f790a-4492-11e0-8705-001c238ae411',NULL,NULL,NULL,NULL,NULL,'27aa87c4-4492-11e0-8705-001c238ae411',1,1),('84008669-4241-11e0-8705-001c238ae411',NULL,NULL,NULL,NULL,NULL,'ee1f03e2-3f76-11e0-8705-001c238ae411',1,1),('86fc4b29-4493-11e0-8705-001c238ae411',NULL,NULL,NULL,NULL,NULL,'27939565-4492-11e0-8705-001c238ae411',1,1),('8fd7b023-3c50-11e0-8c47-001c238ae411',NULL,NULL,NULL,NULL,NULL,'fce937aa-9f57-11df-936f-e37ecc873ea2',1,1),('930c5abb-3c86-11e0-8c47-001c238ae411',NULL,NULL,NULL,NULL,NULL,'fce93615-9f57-11df-936f-e37ecc873ea2',1,1),('c7dba873-4495-11e0-8705-001c238ae411',NULL,NULL,NULL,NULL,NULL,'e2a96b9a-4494-11e0-8705-001c238ae411',1,1),('d9a25cdf-3e5b-11e0-8705-001c238ae411',NULL,NULL,NULL,NULL,NULL,'fce9394a-9f57-11df-936f-e37ecc873ea2',1,1),('f0be3f60-4204-11e0-8705-001c238ae411',NULL,NULL,NULL,NULL,NULL,'80f67124-41f9-11e0-8705-001c238ae411',1,1);

UNLOCK TABLES;

/*Table structure for table `tan_index_column` */

DROP TABLE IF EXISTS `tan_index_column`;

CREATE TABLE `tan_index_column` (
  `id` char(36) NOT NULL,
  `createdBy` int(11) unsigned DEFAULT NULL,
  `updatedBy` int(11) unsigned DEFAULT NULL,
  `creationDate` datetime DEFAULT NULL,
  `updateDate` datetime DEFAULT NULL,
  `updateProcess` varchar(100) DEFAULT NULL,
  `indexID` char(36) NOT NULL,
  `columnID` char(36) NOT NULL,
  PRIMARY KEY (`id`),
  UNIQUE KEY `indexColumn` (`indexID`,`columnID`),
  KEY `FK_tan_index_column_column` (`columnID`),
  CONSTRAINT `FK_tan_index_column` FOREIGN KEY (`indexID`) REFERENCES `tan_index` (`id`) ON DELETE CASCADE ON UPDATE CASCADE,
  CONSTRAINT `FK_tan_index_column_column` FOREIGN KEY (`columnID`) REFERENCES `tan_column` (`id`) ON DELETE CASCADE ON UPDATE CASCADE
) ENGINE=InnoDB DEFAULT CHARSET=utf8;

/*Data for the table `tan_index_column` */

LOCK TABLES `tan_index_column` WRITE;

insert  into `tan_index_column`(`id`,`createdBy`,`updatedBy`,`creationDate`,`updateDate`,`updateProcess`,`indexID`,`columnID`) values ('0fdf6e1e-4205-11e0-8705-001c238ae411',NULL,NULL,NULL,NULL,NULL,'f0be3f60-4204-11e0-8705-001c238ae411','9633bf64-41f9-11e0-8705-001c238ae411'),('22de8fe9-3c9d-11e0-8705-001c238ae411',NULL,NULL,'2011-02-19 18:57:34',NULL,NULL,'0936dc51-3c9d-11e0-8705-001c238ae411','34debe14-9f56-11df-936f-e37ecc873ea2'),('65df4dba-9f32-11df-936f-e37ecc873ea2',NULL,NULL,'2011-02-01 00:00:00',NULL,NULL,'7c145395-9f57-11df-936f-e37ecc873ea2','34b8e1dc-9f56-11df-936f-e37ecc873ea2'),('65df5055-9f32-11df-936f-e37ecc873ea2',NULL,NULL,'2011-02-01 00:00:00',NULL,NULL,'7c145675-9f57-11df-936f-e37ecc873ea2','34b8f27a-9f56-11df-936f-e37ecc873ea2'),('65df51ea-9f32-11df-936f-e37ecc873ea2',NULL,NULL,'2011-02-01 00:00:00',NULL,NULL,'7c145815-9f57-11df-936f-e37ecc873ea2','34b8fd81-9f56-11df-936f-e37ecc873ea2'),('65df54ec-9f32-11df-936f-e37ecc873ea2',NULL,NULL,'2011-02-01 00:00:00',NULL,NULL,'7c145b2e-9f57-11df-936f-e37ecc873ea2','34b93ec7-9f56-11df-936f-e37ecc873ea2'),('65df566a-9f32-11df-936f-e37ecc873ea2',NULL,NULL,'2011-02-01 00:00:00',NULL,NULL,'7c145cb7-9f57-11df-936f-e37ecc873ea2','34b8f9e5-9f56-11df-936f-e37ecc873ea2'),('8ba7aae5-4241-11e0-8705-001c238ae411',NULL,NULL,NULL,NULL,NULL,'84008669-4241-11e0-8705-001c238ae411','ad7a73f6-4240-11e0-8705-001c238ae411'),('8d567506-4492-11e0-8705-001c238ae411',NULL,NULL,NULL,NULL,NULL,'839f790a-4492-11e0-8705-001c238ae411','7a5a1bf5-4492-11e0-8705-001c238ae411'),('9dab9695-4493-11e0-8705-001c238ae411',NULL,NULL,NULL,NULL,NULL,'86fc4b29-4493-11e0-8705-001c238ae411','3da13df0-4493-11e0-8705-001c238ae411'),('9dba89d3-4493-11e0-8705-001c238ae411',NULL,NULL,NULL,NULL,NULL,'86fc4b29-4493-11e0-8705-001c238ae411','3daef82a-4493-11e0-8705-001c238ae411'),('9dc306a9-4493-11e0-8705-001c238ae411',NULL,NULL,NULL,NULL,NULL,'86fc4b29-4493-11e0-8705-001c238ae411','3db5c690-4493-11e0-8705-001c238ae411'),('9df872a7-3c50-11e0-8c47-001c238ae411',NULL,NULL,'2011-02-01 00:00:00',NULL,NULL,'8fd7b023-3c50-11e0-8c47-001c238ae411','e2e6a5cb-3c4f-11e0-8c47-001c238ae411'),('cf8f723c-4495-11e0-8705-001c238ae411',NULL,NULL,NULL,NULL,NULL,'c7dba873-4495-11e0-8705-001c238ae411','6274c66d-4495-11e0-8705-001c238ae411'),('d7108b2c-3c86-11e0-8c47-001c238ae411',NULL,NULL,'2011-02-01 00:00:00',NULL,NULL,'930c5abb-3c86-11e0-8c47-001c238ae411','34be5a72-9f56-11df-936f-e37ecc873ea2'),('e3020200-3e5b-11e0-8705-001c238ae411',NULL,NULL,NULL,NULL,NULL,'d9a25cdf-3e5b-11e0-8705-001c238ae411','1c981a94-3c64-11e0-8c47-001c238ae411');

UNLOCK TABLES;

/*Table structure for table `tan_join` */

DROP TABLE IF EXISTS `tan_join`;

CREATE TABLE `tan_join` (
  `id` char(36) NOT NULL,
  `createdBy` int(11) unsigned DEFAULT NULL,
  `updatedBy` int(11) unsigned DEFAULT NULL,
  `creationDate` datetime DEFAULT NULL,
  `updateDate` datetime DEFAULT NULL,
  `updateProcess` varchar(100) DEFAULT NULL,
  `joinType` char(2) NOT NULL,
  `fromTableID` char(36) DEFAULT NULL,
  `toTableID` char(36) DEFAULT NULL,
  `name` varchar(50) DEFAULT NULL,
  PRIMARY KEY (`id`),
  UNIQUE KEY `fromTable` (`fromTableID`,`name`),
  KEY `toTable` (`toTableID`),
  CONSTRAINT `FK_tan_join_from` FOREIGN KEY (`fromTableID`) REFERENCES `tan_table` (`id`) ON DELETE CASCADE ON UPDATE CASCADE,
  CONSTRAINT `FK_tan_join_to` FOREIGN KEY (`toTableID`) REFERENCES `tan_table` (`id`) ON DELETE CASCADE ON UPDATE CASCADE
) ENGINE=InnoDB DEFAULT CHARSET=utf8;

/*Data for the table `tan_join` */

LOCK TABLES `tan_join` WRITE;

insert  into `tan_join`(`id`,`createdBy`,`updatedBy`,`creationDate`,`updateDate`,`updateProcess`,`joinType`,`fromTableID`,`toTableID`,`name`) values ('036e38c7-4201-11e0-8705-001c238ae411',NULL,NULL,NULL,NULL,NULL,'0','80f67124-41f9-11e0-8705-001c238ae411','80f67124-41f9-11e0-8705-001c238ae411','Parent'),('03775294-4201-11e0-8705-001c238ae411',NULL,NULL,NULL,NULL,NULL,'0','80f67124-41f9-11e0-8705-001c238ae411','fce93485-9f57-11df-936f-e37ecc873ea2','View'),('07e10339-487d-11e0-9ee0-001c238ae411',NULL,NULL,NULL,NULL,NULL,'0','fce93af0-9f57-11df-936f-e37ecc873ea2','fce924a9-9f57-11df-936f-e37ecc873ea2','ToColumn'),('07eaf05b-487d-11e0-9ee0-001c238ae411',NULL,NULL,NULL,NULL,NULL,'0','fce93af0-9f57-11df-936f-e37ecc873ea2','fce924a9-9f57-11df-936f-e37ecc873ea2','FromColumn'),('521d6fc2-3e14-11e0-8705-001c238ae411',NULL,NULL,NULL,NULL,NULL,'0','fce92fa4-9f57-11df-936f-e37ecc873ea2','fce92fa4-9f57-11df-936f-e37ecc873ea2','ParentModel'),('6a26db53-786f-4e76-9bd4-c0634592aba7',NULL,NULL,NULL,NULL,NULL,'0','fce93485-9f57-11df-936f-e37ecc873ea2','fce92fa4-9f57-11df-936f-e37ecc873ea2','ViewToModel'),('6a81b1ff-3d7b-11e0-8705-001c238ae411',NULL,NULL,NULL,NULL,NULL,'0','fce929b7-9f57-11df-936f-e37ecc873ea2','fce93485-9f57-11df-936f-e37ecc873ea2','View'),('6efebce1-3d7c-11e0-8705-001c238ae411',NULL,NULL,NULL,NULL,NULL,'0','fce929b7-9f57-11df-936f-e37ecc873ea2','fce93615-9f57-11df-936f-e37ecc873ea2','Reference'),('7e953926-3e14-11e0-8705-001c238ae411',NULL,NULL,NULL,NULL,NULL,'0','fce92fa4-9f57-11df-936f-e37ecc873ea2','fce93615-9f57-11df-936f-e37ecc873ea2','Reference'),('80a8d90e-3c86-11e0-8c47-001c238ae411',NULL,NULL,NULL,NULL,NULL,'0','fce93615-9f57-11df-936f-e37ecc873ea2','fce92fa4-9f57-11df-936f-e37ecc873ea2','Model'),('8db38e11-9f57-11df-936f-e37ecc873ea2',NULL,NULL,NULL,NULL,NULL,'0','fce924a9-9f57-11df-936f-e37ecc873ea2','fce920bd-9f57-11df-936f-e37ecc873ea2','Table'),('8db390c3-9f57-11df-936f-e37ecc873ea2',NULL,NULL,NULL,NULL,NULL,'0','fce92677-9f57-11df-936f-e37ecc873ea2','fce920bd-9f57-11df-936f-e37ecc873ea2','FromTable'),('8db39414-9f57-11df-936f-e37ecc873ea2',NULL,NULL,NULL,NULL,NULL,'0','fce929b7-9f57-11df-936f-e37ecc873ea2','fce92fa4-9f57-11df-936f-e37ecc873ea2','Model'),('8db395af-9f57-11df-936f-e37ecc873ea2',NULL,NULL,NULL,NULL,NULL,'0','fce92677-9f57-11df-936f-e37ecc873ea2','fce920bd-9f57-11df-936f-e37ecc873ea2','ToTable'),('8db39744-9f57-11df-936f-e37ecc873ea2',NULL,NULL,NULL,NULL,NULL,'0','fce93af0-9f57-11df-936f-e37ecc873ea2','fce92677-9f57-11df-936f-e37ecc873ea2','Join'),('8db398d3-9f57-11df-936f-e37ecc873ea2',NULL,NULL,NULL,NULL,NULL,'0','fce929b7-9f57-11df-936f-e37ecc873ea2','fce924a9-9f57-11df-936f-e37ecc873ea2','BasisColumn'),('8db39bfd-9f57-11df-936f-e37ecc873ea2',NULL,NULL,NULL,NULL,NULL,'0','fce93485-9f57-11df-936f-e37ecc873ea2','fce92fa4-9f57-11df-936f-e37ecc873ea2','View'),('a823a87b-4492-11e0-8705-001c238ae411',NULL,NULL,NULL,NULL,NULL,'0','27939565-4492-11e0-8705-001c238ae411','27aa87c4-4492-11e0-8705-001c238ae411','Table'),('a8509dac-4495-11e0-8705-001c238ae411',NULL,NULL,NULL,NULL,NULL,'0','e2a96b9a-4494-11e0-8705-001c238ae411','fce93485-9f57-11df-936f-e37ecc873ea2','View'),('aa5e402a-3d41-11e0-8705-001c238ae411',NULL,NULL,NULL,NULL,NULL,'0','fce9394a-9f57-11df-936f-e37ecc873ea2','fce937aa-9f57-11df-936f-e37ecc873ea2','Index'),('b02a319d-3e5b-11e0-8705-001c238ae411',NULL,NULL,NULL,NULL,NULL,'0','fce9394a-9f57-11df-936f-e37ecc873ea2','fce924a9-9f57-11df-936f-e37ecc873ea2','Column'),('dd273887-2909-11e0-b23a-001c238ae411',NULL,NULL,NULL,NULL,NULL,'0','fce92fa4-9f57-11df-936f-e37ecc873ea2','fce920bd-9f57-11df-936f-e37ecc873ea2','BasisTable'),('e41d5a36-3df3-11e0-8705-001c238ae411',NULL,NULL,NULL,NULL,NULL,'0','fce93615-9f57-11df-936f-e37ecc873ea2','fce92677-9f57-11df-936f-e37ecc873ea2','Join'),('ef22396f-3c50-11e0-8c47-001c238ae411',NULL,NULL,NULL,NULL,NULL,'0','fce937aa-9f57-11df-936f-e37ecc873ea2','fce920bd-9f57-11df-936f-e37ecc873ea2','Table');

UNLOCK TABLES;

/*Table structure for table `tan_join_column` */

DROP TABLE IF EXISTS `tan_join_column`;

CREATE TABLE `tan_join_column` (
  `id` char(36) NOT NULL,
  `createdBy` int(11) unsigned DEFAULT NULL,
  `updatedBy` int(11) unsigned DEFAULT NULL,
  `creationDate` datetime DEFAULT NULL,
  `updateDate` datetime DEFAULT NULL,
  `updateProcess` varchar(100) DEFAULT NULL,
  `joinID` char(36) DEFAULT NULL,
  `fromColumnID` char(36) DEFAULT NULL,
  `fromText` varchar(50) DEFAULT NULL,
  `toColumnID` char(36) DEFAULT NULL,
  PRIMARY KEY (`id`)
) ENGINE=InnoDB DEFAULT CHARSET=utf8;

/*Data for the table `tan_join_column` */

LOCK TABLES `tan_join_column` WRITE;

insert  into `tan_join_column`(`id`,`createdBy`,`updatedBy`,`creationDate`,`updateDate`,`updateProcess`,`joinID`,`fromColumnID`,`fromText`,`toColumnID`) values ('09f1906b-3d89-11e0-8705-001c238ae411',NULL,NULL,NULL,NULL,NULL,'6efebce1-3d7c-11e0-8705-001c238ae411','34deceec-9f56-11df-936f-e37ecc873ea2',NULL,'34be5a72-9f56-11df-936f-e37ecc873ea2'),('19ce0921-3c51-11e0-8c47-001c238ae411',NULL,NULL,'2011-02-19 00:00:00',NULL,NULL,'ef22396f-3c50-11e0-8c47-001c238ae411','22f06ff8-3c50-11e0-8c47-001c238ae411',NULL,'34b8e1dc-9f56-11df-936f-e37ecc873ea2'),('538f723c-487d-11e0-9ee0-001c238ae411',NULL,NULL,NULL,NULL,NULL,'07eaf05b-487d-11e0-9ee0-001c238ae411','34dec111-9f56-11df-936f-e37ecc873ea2',NULL,'34b8f27a-9f56-11df-936f-e37ecc873ea2'),('5db8744e-487d-11e0-9ee0-001c238ae411',NULL,NULL,NULL,NULL,NULL,'07e10339-487d-11e0-9ee0-001c238ae411','34dec5be-9f56-11df-936f-e37ecc873ea2',NULL,'34b8f27a-9f56-11df-936f-e37ecc873ea2'),('62fd7c8b-3e14-11e0-8705-001c238ae411',NULL,NULL,NULL,NULL,NULL,'521d6fc2-3e14-11e0-8705-001c238ae411','34b90a28-9f56-11df-936f-e37ecc873ea2',NULL,'34b8f9e5-9f56-11df-936f-e37ecc873ea2'),('7eb74fd8-4493-11e0-8705-001c238ae411',NULL,NULL,NULL,NULL,NULL,'a823a87b-4492-11e0-8705-001c238ae411','3daef82a-4493-11e0-8705-001c238ae411',NULL,'7a5a1bf5-4492-11e0-8705-001c238ae411'),('7ecc7cad-4493-11e0-8705-001c238ae411',NULL,NULL,NULL,NULL,NULL,'a823a87b-4492-11e0-8705-001c238ae411','3db5c690-4493-11e0-8705-001c238ae411',NULL,'7a799c0d-4492-11e0-8705-001c238ae411'),('8220be6d-9f31-11df-936f-e37ecc873ea2',NULL,NULL,'2011-02-19 00:00:00',NULL,NULL,'8db38e11-9f57-11df-936f-e37ecc873ea2','34b8f465-9f56-11df-936f-e37ecc873ea2',NULL,'34b8e1dc-9f56-11df-936f-e37ecc873ea2'),('8220bfeb-9f31-11df-936f-e37ecc873ea2',NULL,NULL,'2011-02-19 00:00:00',NULL,NULL,'8db390c3-9f57-11df-936f-e37ecc873ea2','34b8ff5a-9f56-11df-936f-e37ecc873ea2',NULL,'34b8e1dc-9f56-11df-936f-e37ecc873ea2'),('8220c0e0-9f31-11df-936f-e37ecc873ea2',NULL,NULL,'2011-02-19 00:00:00',NULL,NULL,'8db3927f-9f57-11df-936f-e37ecc873ea2','34b8fbb3-9f56-11df-936f-e37ecc873ea2',NULL,'34b8eab4-9f56-11df-936f-e37ecc873ea2'),('8220c180-9f31-11df-936f-e37ecc873ea2',NULL,NULL,'2011-02-19 00:00:00',NULL,NULL,'8db39414-9f57-11df-936f-e37ecc873ea2','34deca1c-9f56-11df-936f-e37ecc873ea2',NULL,'34b8f9e5-9f56-11df-936f-e37ecc873ea2'),('8220c214-9f31-11df-936f-e37ecc873ea2',NULL,NULL,'2011-02-19 00:00:00',NULL,NULL,'8db395af-9f57-11df-936f-e37ecc873ea2','34b90128-9f56-11df-936f-e37ecc873ea2',NULL,'34b8e1dc-9f56-11df-936f-e37ecc873ea2'),('8220c2a9-9f31-11df-936f-e37ecc873ea2',NULL,NULL,'2011-02-19 00:00:00',NULL,NULL,'8db39a68-9f57-11df-936f-e37ecc873ea2','34deed6b-9f56-11df-936f-e37ecc873ea2',NULL,'34b8eab4-9f56-11df-936f-e37ecc873ea2'),('8220c33d-9f31-11df-936f-e37ecc873ea2',NULL,NULL,'2011-02-19 00:00:00',NULL,NULL,'8db39bfd-9f57-11df-936f-e37ecc873ea2','34df0223-9f56-11df-936f-e37ecc873ea2',NULL,'34b8f9e5-9f56-11df-936f-e37ecc873ea2'),('87dbea6c-4205-11e0-8705-001c238ae411',NULL,NULL,NULL,NULL,NULL,'036e38c7-4201-11e0-8705-001c238ae411','9ccb22e5-4200-11e0-8705-001c238ae411',NULL,'9633bf64-41f9-11e0-8705-001c238ae411'),('9676be8e-290a-11e0-b23a-001c238ae411',NULL,NULL,'2011-02-19 00:00:00',NULL,NULL,'dd273887-2909-11e0-b23a-001c238ae411','34b90692-9f56-11df-936f-e37ecc873ea2',NULL,'34b8e1dc-9f56-11df-936f-e37ecc873ea2'),('97db9f2f-3e14-11e0-8705-001c238ae411',NULL,NULL,NULL,NULL,NULL,'7e953926-3e14-11e0-8705-001c238ae411','34b90bf6-9f56-11df-936f-e37ecc873ea2',NULL,'34be5a72-9f56-11df-936f-e37ecc873ea2'),('aaef8d33-4205-11e0-8705-001c238ae411',NULL,NULL,NULL,NULL,NULL,'03775294-4201-11e0-8705-001c238ae411','72311831-4200-11e0-8705-001c238ae411',NULL,'34b989eb-9f56-11df-936f-e37ecc873ea2'),('b70b30d4-3df7-11e0-8705-001c238ae411',NULL,NULL,NULL,NULL,NULL,'e41d5a36-3df3-11e0-8705-001c238ae411','b1c7a0cc-3dda-11e0-8705-001c238ae411',NULL,'34b8fd81-9f56-11df-936f-e37ecc873ea2'),('bfe5cb71-3e5b-11e0-8705-001c238ae411',NULL,NULL,NULL,NULL,NULL,'b02a319d-3e5b-11e0-8705-001c238ae411','2cc151a7-3c64-11e0-8c47-001c238ae411',NULL,'34b8f27a-9f56-11df-936f-e37ecc873ea2'),('e414a525-4495-11e0-8705-001c238ae411',NULL,NULL,NULL,NULL,NULL,'a8509dac-4495-11e0-8705-001c238ae411','6b8aa880-4495-11e0-8705-001c238ae411',NULL,'34b989eb-9f56-11df-936f-e37ecc873ea2'),('e443c0eb-3d7b-11e0-8705-001c238ae411',NULL,NULL,NULL,NULL,NULL,'8db398d3-9f57-11df-936f-e37ecc873ea2','34decd73-9f56-11df-936f-e37ecc873ea2',NULL,'34b8f27a-9f56-11df-936f-e37ecc873ea2'),('eb27c888-3dda-11e0-8705-001c238ae411',NULL,NULL,NULL,NULL,NULL,'80a8d90e-3c86-11e0-8c47-001c238ae411','db825fa1-3dd9-11e0-8705-001c238ae411',NULL,'34b8f9e5-9f56-11df-936f-e37ecc873ea2'),('f5078749-3d12-11e0-8705-001c238ae411',NULL,NULL,'2011-02-19 00:00:00',NULL,NULL,'8db39744-9f57-11df-936f-e37ecc873ea2','34debf98-9f56-11df-936f-e37ecc873ea2',NULL,'34b8fd81-9f56-11df-936f-e37ecc873ea2'),('fd0f0856-3d41-11e0-8705-001c238ae411',NULL,NULL,'2011-02-20 14:33:53',NULL,NULL,'aa5e402a-3d41-11e0-8705-001c238ae411','1c8e5729-3c64-11e0-8c47-001c238ae411',NULL,'e2e6a5cb-3c4f-11e0-8c47-001c238ae411'),('fdd89a96-3d7b-11e0-8705-001c238ae411',NULL,NULL,NULL,NULL,NULL,'6a81b1ff-3d7b-11e0-8705-001c238ae411','34ded377-9f56-11df-936f-e37ecc873ea2',NULL,'34b989eb-9f56-11df-936f-e37ecc873ea2');

UNLOCK TABLES;

/*Table structure for table `tan_logging` */

DROP TABLE IF EXISTS `tan_logging`;

CREATE TABLE `tan_logging` (
  `id` int(10) unsigned NOT NULL AUTO_INCREMENT,
  `scope` varchar(255) NOT NULL,
  `logType` varchar(10) NOT NULL,
  `logTime` timestamp NOT NULL DEFAULT CURRENT_TIMESTAMP ON UPDATE CURRENT_TIMESTAMP,
  `message` text,
  PRIMARY KEY (`id`)
) ENGINE=InnoDB AUTO_INCREMENT=313 DEFAULT CHARSET=utf8 CHECKSUM=1 DELAY_KEY_WRITE=1 ROW_FORMAT=DYNAMIC;

/*Data for the table `tan_logging` */

LOCK TABLES `tan_logging` WRITE;

insert  into `tan_logging`(`id`,`scope`,`logType`,`logTime`,`message`) values (1,'Page','timing','2011-02-23 00:19:04','Loaded ListTables in 22 ms'),(2,'Page','timing','2011-02-23 00:19:07','Loaded DefineTable in 41 ms'),(3,'Page','timing','2011-02-23 07:34:07','Loaded ListTables in 23 ms'),(4,'Page','timing','2011-02-23 07:48:15','Loaded DefineModel in 44 ms'),(5,'Page','timing','2011-02-23 07:48:33','Loaded DefineTable in 52 ms'),(6,'Page','timing','2011-02-23 08:00:40','Loaded DefineTable in 43 ms'),(7,'Page','timing','2011-02-23 08:01:29','Loaded DefineModel in 35 ms'),(8,'Page','timing','2011-02-23 08:04:48','Loaded DefineModel in 35 ms'),(9,'Page','timing','2011-02-23 08:05:35','Loaded DefineTable in 49 ms'),(10,'Page','timing','2011-02-23 08:06:54','Loaded DefineModel in 44 ms'),(11,'Page','timing','2011-02-23 08:21:00','Loaded DefineModel in 36 ms'),(12,'Page','timing','2011-02-23 08:23:59','Loaded DefineModel in 45 ms'),(13,'Page','timing','2011-02-23 08:24:53','Loaded DefineModel in 36 ms'),(14,'Page','timing','2011-02-23 08:25:39','Loaded DefineTable in 45 ms'),(15,'Page','timing','2011-02-23 08:27:36','Loaded DefineModel in 36 ms'),(16,'Page','timing','2011-02-23 08:28:17','Loaded DefineModel in 36 ms'),(17,'Page','timing','2011-02-23 09:51:09','Loaded ListTables in 83 ms'),(18,'Page','timing','2011-02-23 09:52:16','Loaded DefineTable in 40 ms'),(19,'Page','timing','2011-02-23 09:52:19','Loaded DefineTable in 49 ms'),(20,'Page','timing','2011-02-24 18:00:59','Loaded ListTables in 256 ms'),(21,'Page','timing','2011-02-24 18:01:04','Loaded DefineTable in 45 ms'),(22,'Page','timing','2011-02-24 18:01:10','Loaded DefineTable in 42 ms'),(23,'Page','timing','2011-02-24 18:01:26','Loaded DefineTable in 49 ms'),(24,'Page','timing','2011-02-24 18:01:57','Loaded DefineModel in 45 ms'),(25,'Page','timing','2011-02-26 00:22:30','Loaded Page in 159 ms'),(26,'Page','error','2011-02-26 11:13:46','Could not find View b363a348-4183-11e0-8705-001c238ae411'),(27,'Page','error','2011-02-26 11:13:50','Could not find View 4ac0f42c-4184-11e0-8705-001c238ae411'),(28,'Page','error','2011-02-26 11:14:12','Could not find View 4ac0f42c-4184-11e0-8705-001c238ae411'),(29,'Page','error','2011-02-26 11:14:22','Could not find View 4ac0f42c-4184-11e0-8705-001c238ae411'),(30,'Page','error','2011-02-26 11:22:50','Could not find View 4ac0f42c-4184-11e0-8705-001c238ae411'),(31,'Page','error','2011-02-26 11:22:52','Could not find View 4ac0f42c-4184-11e0-8705-001c238ae411'),(32,'Page','error','2011-02-26 11:23:44','Could not find View null'),(33,'Page','timing','2011-02-26 11:25:13','Loaded ListTables in 92 ms'),(34,'Page','timing','2011-02-26 14:21:06','Loaded ListTables in 50 ms'),(35,'Page','timing','2011-02-26 14:21:23','Loaded DefineTable in 103 ms'),(36,'Page','timing','2011-02-26 14:22:07','Loaded ListModels in 98 ms'),(37,'Page','timing','2011-02-26 14:22:11','Loaded DefineModel in 236 ms'),(38,'Page','timing','2011-02-26 14:22:45','Loaded DefineTable in 50 ms'),(39,'Page','timing','2011-02-26 14:23:20','Loaded DefineTable in 59 ms'),(40,'Page','timing','2011-02-26 14:24:11','Loaded ListTables in 21 ms'),(41,'Page','timing','2011-02-26 14:24:14','Loaded DefineTable in 51 ms'),(42,'Page','timing','2011-02-26 14:25:31','Loaded ListTables in 22 ms'),(43,'Page','timing','2011-02-26 14:25:34','Loaded DefineTable in 49 ms'),(44,'Page','timing','2011-02-26 14:25:37','Loaded DefineTable in 49 ms'),(45,'Page','timing','2011-02-26 14:32:58','Loaded DefineTable in 41 ms'),(46,'Page','timing','2011-02-26 14:42:35','Loaded DefineModel in 37 ms'),(47,'Page','timing','2011-02-26 14:42:47','Loaded DefineTable in 40 ms'),(48,'Page','timing','2011-02-26 14:45:31','Loaded DefineModel in 100 ms'),(49,'Page','timing','2011-02-26 15:09:03','Loaded DefineTable in 41 ms'),(50,'Page','timing','2011-02-26 15:10:24','Loaded DefineTable in 40 ms'),(51,'Page','timing','2011-02-26 15:44:15','Loaded DefineTable in 41 ms'),(52,'Page','timing','2011-02-26 15:45:42','Loaded DefineTable in 50 ms'),(53,'Page','timing','2011-02-26 15:53:30','Loaded DefineTable in 51 ms'),(54,'Page','timing','2011-02-26 15:53:51','Loaded DefineTable in 41 ms'),(55,'Page','timing','2011-02-26 16:02:10','Loaded DefineTable in 41 ms'),(56,'Page','timing','2011-02-26 16:10:17','Loaded DefineTable in 44 ms'),(57,'Page','timing','2011-02-26 16:12:05','Loaded DefineTable in 49 ms'),(58,'Page','timing','2011-02-26 16:16:59','Loaded DefineTable in 41 ms'),(59,'Page','timing','2011-02-26 16:20:42','Loaded DefineTable in 44 ms'),(60,'Page','timing','2011-02-26 16:26:08','Loaded DefineTable in 44 ms'),(61,'Page','timing','2011-02-26 16:28:04','Loaded DefineTable in 54 ms'),(62,'Page','timing','2011-02-26 16:31:15','Loaded DefineTable in 53 ms'),(63,'Page','timing','2011-02-26 16:36:49','Loaded ListTables in 16 ms'),(64,'Page','timing','2011-02-26 16:37:05','Loaded DefineTable in 42 ms'),(65,'Page','timing','2011-02-26 16:37:12','Loaded DefineTable in 42 ms'),(66,'Page','timing','2011-02-26 16:37:16','Loaded DefineTable in 44 ms'),(67,'Page','timing','2011-02-26 16:39:55','Loaded ListTables in 14 ms'),(68,'Page','timing','2011-02-26 16:39:58','Loaded DefineTable in 42 ms'),(69,'Page','timing','2011-02-26 19:14:00','Loaded ListTables in 72 ms'),(70,'Page','timing','2011-02-26 19:14:01','Loaded DefineTable in 51 ms'),(71,'Page','timing','2011-02-26 19:14:06','Loaded DefineModel in 50 ms'),(72,'Page','timing','2011-02-26 20:05:58','Loaded ListTables in 27 ms'),(73,'Page','timing','2011-02-26 20:09:30','Loaded DefineModel in 47 ms'),(74,'Page','timing','2011-02-26 20:10:10','Loaded DefineTable in 52 ms'),(75,'Page','timing','2011-02-26 20:10:16','Loaded ListTables in 14 ms'),(76,'Page','timing','2011-02-26 20:10:19','Loaded DefineTable in 51 ms'),(77,'Page','timing','2011-02-26 20:10:28','Loaded DefineModel in 39 ms'),(78,'Page','timing','2011-02-26 20:10:57','Loaded ListModels in 14 ms'),(79,'Page','timing','2011-02-26 20:11:21','Loaded Page in 15 ms'),(80,'Page','timing','2011-02-26 20:11:41','Loaded Page in 25 ms'),(81,'Page','timing','2011-02-26 20:12:26','Loaded ListModels in 24 ms'),(82,'Page','timing','2011-02-26 20:12:35','Loaded ListTables in 13 ms'),(83,'Page','timing','2011-02-26 20:15:01','Loaded ManageMenus in 8 ms'),(84,'Page','timing','2011-02-26 20:15:09','Loaded DefineModel in 40 ms'),(85,'Page','timing','2011-02-26 20:15:31','Loaded ListTables in 22 ms'),(86,'Page','timing','2011-02-26 20:15:34','Loaded DefineTable in 51 ms'),(87,'Page','timing','2011-02-26 20:16:37','Loaded Page in 15 ms'),(88,'Page','timing','2011-02-26 20:19:09','Loaded ManageMenus in 22 ms'),(89,'Page','timing','2011-02-26 20:20:14','Loaded ManageMenus in 21 ms'),(90,'Page','timing','2011-02-26 20:20:37','Loaded Page in 15 ms'),(91,'Page','timing','2011-02-26 20:22:12','Loaded ManageMenus in 22 ms'),(92,'Page','timing','2011-02-26 20:22:51','Loaded ManageMenus in 22 ms'),(93,'Page','timing','2011-02-26 20:23:04','Loaded ManageMenus in 23 ms'),(94,'Page','timing','2011-02-26 20:23:30','Loaded DefineModel in 39 ms'),(95,'Page','timing','2011-02-26 20:23:42','Loaded Page in 15 ms'),(96,'Page','timing','2011-02-26 20:24:53','Loaded Page in 24 ms'),(97,'Page','timing','2011-02-26 20:25:49','Loaded DefineModel in 46 ms'),(98,'Page','timing','2011-02-26 20:26:27','Loaded ListModels in 24 ms'),(99,'Page','timing','2011-02-26 20:27:24','Loaded ListTables in 22 ms'),(100,'Page','timing','2011-02-26 20:27:26','Loaded DefineTable in 42 ms'),(101,'Page','timing','2011-02-26 20:29:03','Loaded ManageMenus in 22 ms'),(102,'Page','timing','2011-02-26 20:29:52','Loaded FieldReport in 22 ms'),(103,'Page','timing','2011-02-26 20:30:07','Loaded FieldReport in 21 ms'),(104,'Page','timing','2011-02-26 20:30:16','Loaded ListTables in 22 ms'),(105,'Page','timing','2011-02-26 20:30:19','Loaded DefineTable in 52 ms'),(106,'Page','timing','2011-02-26 20:30:22','Loaded ListModels in 14 ms'),(107,'Page','timing','2011-02-26 20:30:26','Loaded DefineModel in 46 ms'),(108,'Page','timing','2011-02-26 20:34:45','Loaded FieldReport in 14 ms'),(109,'Page','timing','2011-02-26 20:35:20','Loaded Page in 24 ms'),(110,'Page','timing','2011-02-26 20:42:35','Loaded FieldReport in 29 ms'),(111,'Page','timing','2011-02-26 20:42:51','Loaded FieldReport in 18 ms'),(112,'Page','timing','2011-02-26 20:42:56','Loaded FieldReport in 15 ms'),(113,'Page','timing','2011-02-26 20:43:41','Loaded FieldReport in 22 ms'),(114,'Page','timing','2011-02-26 20:47:09','Loaded FieldReport in 18 ms'),(115,'Page','timing','2011-02-26 21:02:46','Loaded DefineTable in 43 ms'),(116,'Page','timing','2011-02-26 21:05:07','Loaded FieldReport in 24 ms'),(117,'Page','timing','2011-02-26 21:05:51','Loaded FieldReport in 14 ms'),(118,'Page','timing','2011-02-26 21:06:04','Loaded FieldReport in 16 ms'),(119,'Page','timing','2011-02-26 21:06:50','Loaded FieldReport in 24 ms'),(120,'Page','timing','2011-02-26 21:10:55','Loaded Page in 24 ms'),(121,'Page','timing','2011-02-26 21:12:20','Loaded FieldReport in 16 ms'),(122,'Page','timing','2011-02-26 22:42:23','Loaded ListTables in 27 ms'),(123,'Page','timing','2011-02-26 22:42:27','Loaded DefineTable in 43 ms'),(124,'Page','timing','2011-02-26 22:43:58','Loaded DefineTable in 43 ms'),(125,'Page','timing','2011-02-26 22:44:43','Loaded DefineModel in 47 ms'),(126,'Page','timing','2011-02-26 22:48:50','Loaded DefineTable in 44 ms'),(127,'Page','timing','2011-02-26 22:50:30','Loaded DefineTable in 48 ms'),(128,'Page','timing','2011-02-26 22:52:34','Loaded DefineTable in 43 ms'),(129,'Page','timing','2011-02-26 22:53:03','Loaded DefineTable in 42 ms'),(130,'Page','timing','2011-02-26 22:55:36','Loaded DefineTable in 42 ms'),(131,'Page','timing','2011-02-26 22:57:15','Loaded ListModels in 24 ms'),(132,'Page','timing','2011-02-26 22:57:48','Loaded Page in 25 ms'),(133,'Page','timing','2011-02-26 22:58:13','Loaded DefineModel in 48 ms'),(134,'Page','timing','2011-02-26 22:59:30','Loaded ManageMenus in 24 ms'),(135,'Page','timing','2011-02-26 23:00:04','Loaded ListAccounts in 12 ms'),(136,'Page','timing','2011-02-26 23:00:10','Loaded ManageMenus in 23 ms'),(137,'Page','timing','2011-02-26 23:00:11','Loaded DefineModel in 38 ms'),(138,'Page','timing','2011-02-26 23:00:22','Loaded Page in 23 ms'),(139,'Page','timing','2011-02-26 23:00:37','Loaded ListAccounts in 12 ms'),(140,'Page','timing','2011-02-26 23:01:01','Loaded ListAccounts in 21 ms'),(141,'Page','timing','2011-02-26 23:01:18','Loaded ListAccounts in 22 ms'),(142,'Page','timing','2011-02-26 23:13:22','Loaded ListAccounts in 13 ms'),(143,'Page','timing','2011-02-26 23:13:41','Loaded FieldReport in 24 ms'),(144,'Page','timing','2011-02-26 23:13:45','Loaded ManageMenus in 13 ms'),(145,'Page','timing','2011-02-27 14:59:04','Loaded ListAccounts in 92 ms'),(146,'Page','timing','2011-02-27 17:06:02','Loaded ListAccounts in 23 ms'),(147,'Page','timing','2011-02-27 17:09:57','Loaded ListAccounts in 26 ms'),(148,'Page','timing','2011-02-27 17:29:13','Loaded ListAccounts in 25 ms'),(149,'Page','timing','2011-02-27 17:35:55','Loaded ListAccounts in 24 ms'),(150,'Page','timing','2011-02-27 17:36:06','Loaded DefineModel in 48 ms'),(151,'Page','timing','2011-02-27 17:40:48','Loaded ListAccounts in 24 ms'),(152,'Page','timing','2011-02-27 17:41:15','Loaded ListAccounts in 27 ms'),(153,'Page','timing','2011-02-27 17:43:25','Loaded ListAccounts in 24 ms'),(154,'Page','timing','2011-02-27 17:48:07','Loaded DefineModel in 51 ms'),(155,'Page','timing','2011-02-27 17:52:26','Loaded DefineModel in 50 ms'),(156,'Page','timing','2011-02-27 17:53:16','Loaded DefineModel in 48 ms'),(157,'Page','timing','2011-02-27 17:53:39','Loaded ListAccounts in 13 ms'),(158,'Page','timing','2011-02-27 17:54:40','Loaded DefineModel in 52 ms'),(159,'Page','timing','2011-02-27 17:55:02','Loaded DefineModel in 48 ms'),(160,'Page','timing','2011-02-27 17:56:41','Loaded DefineModel in 51 ms'),(161,'Page','timing','2011-02-27 17:56:47','Loaded ListAccounts in 22 ms'),(162,'Page','timing','2011-02-27 17:59:52','Loaded ListAccounts in 24 ms'),(163,'Page','timing','2011-02-27 18:00:06','Loaded DefineModel in 48 ms'),(164,'Page','timing','2011-02-27 18:00:54','Loaded DefineModel in 39 ms'),(165,'Page','timing','2011-02-27 18:03:28','Loaded DefineModel in 47 ms'),(166,'Page','timing','2011-02-27 22:59:30','Loaded DefineModel in 117 ms'),(167,'Page','timing','2011-02-27 23:01:04','Loaded ListTables in 14 ms'),(168,'Page','timing','2011-02-27 23:02:03','Loaded DefineTable in 44 ms'),(169,'Page','timing','2011-02-28 08:33:25','Loaded ListAccounts in 23 ms'),(170,'Page','timing','2011-02-28 08:33:44','Loaded ListAccounts in 22 ms'),(171,'Page','timing','2011-02-28 08:34:32','Loaded ListAccounts in 23 ms'),(172,'Page','timing','2011-03-01 21:24:51','Loaded ListTables in 1387 ms'),(173,'Page','timing','2011-03-01 21:28:13','Loaded DefineTable in 491 ms'),(174,'Page','timing','2011-03-01 21:30:00','Loaded DefineTable in 54 ms'),(175,'Page','timing','2011-03-01 21:36:17','Loaded DefineTable in 52 ms'),(176,'Page','timing','2011-03-01 21:38:07','Loaded ListModels in 127 ms'),(177,'Page','timing','2011-03-01 21:39:23','Loaded DefineModel in 247 ms'),(178,'Page','timing','2011-03-01 21:40:01','Loaded DefineTable in 52 ms'),(179,'Page','timing','2011-03-01 21:41:20','Loaded DefineModel in 48 ms'),(180,'Page','timing','2011-03-01 21:41:53','Loaded DefineModel in 48 ms'),(181,'Page','timing','2011-03-01 21:44:11','Loaded DefineModel in 48 ms'),(182,'Page','timing','2011-03-01 21:45:02','Loaded Page in 24 ms'),(183,'Page','timing','2011-03-01 21:48:53','Loaded DefineTable in 52 ms'),(184,'Page','timing','2011-03-01 21:53:33','Loaded DefineTable in 53 ms'),(185,'Page','timing','2011-03-01 21:55:19','Loaded Page in 25 ms'),(186,'Page','timing','2011-03-01 21:57:37','Loaded FieldReport in 91 ms'),(187,'Page','timing','2011-03-01 22:18:29','Loaded DefineModel in 127 ms'),(188,'Page','timing','2011-03-02 14:01:33','Loaded ListTables in 71 ms'),(189,'Page','timing','2011-03-02 14:03:23','Loaded DefineTable in 44 ms'),(190,'Page','timing','2011-03-02 14:05:16','Loaded ListModels in 18 ms'),(191,'Page','timing','2011-03-02 14:05:18','Loaded ListAccounts in 14 ms'),(192,'Page','timing','2011-03-02 14:07:21','Loaded Page in 16 ms'),(193,'Page','timing','2011-03-02 14:08:57','Loaded ListAccounts in 13 ms'),(194,'Page','timing','2011-03-02 14:09:56','Loaded DefineModel in 42 ms'),(195,'Page','timing','2011-03-02 14:11:30','Loaded DefineModel in 48 ms'),(196,'Page','timing','2011-03-04 21:27:25','Loaded ListTables in 270 ms'),(197,'Page','timing','2011-03-04 21:27:36','Loaded DefineTable in 52 ms'),(198,'Page','timing','2011-03-04 21:27:57','Loaded DefineTable in 51 ms'),(199,'Page','timing','2011-03-04 21:53:08','Loaded DefineTable in 55 ms'),(200,'Page','timing','2011-03-04 21:55:06','Loaded DefineTable in 54 ms'),(201,'Page','timing','2011-03-04 21:56:00','Loaded DefineTable in 48 ms'),(202,'Page','timing','2011-03-04 21:58:09','Loaded DefineTable in 47 ms'),(203,'Page','timing','2011-03-04 21:58:14','Loaded ListTables in 13 ms'),(204,'Page','timing','2011-03-04 21:58:27','Loaded ListTables in 15 ms'),(205,'Page','timing','2011-03-04 21:58:55','Loaded ListTables in 16 ms'),(206,'Page','timing','2011-03-04 22:00:37','Loaded ListTables in 16 ms'),(207,'Page','timing','2011-03-04 22:05:57','Loaded DefineTable in 55 ms'),(208,'Page','timing','2011-03-04 22:07:09','Loaded DefineTable in 54 ms'),(209,'Page','timing','2011-03-04 22:07:40','Loaded DefineTable in 44 ms'),(210,'Page','timing','2011-03-04 22:15:25','Loaded DefineTable in 43 ms'),(211,'Page','timing','2011-03-04 22:15:42','Loaded DefineTable in 53 ms'),(212,'Page','timing','2011-03-05 15:10:47','Loaded ListTables in 90 ms'),(213,'Page','timing','2011-03-05 15:12:14','Loaded ListTables in 16 ms'),(214,'Page','timing','2011-03-05 15:16:40','Loaded ListTables in 24 ms'),(215,'Page','timing','2011-03-05 15:17:56','Loaded ListTables in 13 ms'),(216,'Page','timing','2011-03-05 15:21:03','Loaded ListTables in 23 ms'),(217,'Page','timing','2011-03-05 15:21:39','Loaded ListTables in 28 ms'),(218,'Page','timing','2011-03-05 15:22:35','Loaded ListTables in 15 ms'),(219,'Page','timing','2011-03-05 15:24:06','Loaded ListTables in 14 ms'),(220,'Page','timing','2011-03-05 15:24:55','Loaded ListTables in 24 ms'),(221,'Page','timing','2011-03-05 15:43:04','Loaded ListTables in 26 ms'),(222,'Page','timing','2011-03-05 15:43:22','Loaded ListTables in 25 ms'),(223,'Page','timing','2011-03-05 15:43:40','Loaded ListTables in 22 ms'),(224,'Page','timing','2011-03-05 15:44:23','Loaded ListTables in 24 ms'),(225,'Page','timing','2011-03-05 15:45:03','Loaded ListTables in 17 ms'),(226,'Page','timing','2011-03-05 15:45:06','Loaded DefineTable in 52 ms'),(227,'Page','timing','2011-03-05 15:48:04','Loaded ListTables in 25 ms'),(228,'Page','timing','2011-03-05 15:48:24','Loaded DefineTable in 43 ms'),(229,'Page','timing','2011-03-05 15:49:01','Loaded ListTables in 24 ms'),(230,'Page','timing','2011-03-05 15:49:14','Loaded DefineTable in 52 ms'),(231,'Page','timing','2011-03-05 15:49:25','Loaded DefineTable in 43 ms'),(232,'Page','timing','2011-03-05 15:50:18','Loaded ListTables in 16 ms'),(233,'Page','timing','2011-03-05 15:50:48','Loaded DefineTable in 45 ms'),(234,'Page','timing','2011-03-05 15:52:34','Loaded DefineTable in 56 ms'),(235,'Page','timing','2011-03-05 15:52:41','Loaded ListTables in 22 ms'),(236,'Page','timing','2011-03-05 15:52:48','Loaded DefineTable in 45 ms'),(237,'Page','timing','2011-03-05 15:53:23','Loaded DefineTable in 56 ms'),(238,'Page','timing','2011-03-05 15:53:34','Loaded DefineTable in 58 ms'),(239,'Page','timing','2011-03-05 15:53:46','Loaded DefineTable in 43 ms'),(240,'Page','timing','2011-03-05 19:17:43','Loaded DefineTable in 115 ms'),(241,'Page','timing','2011-03-05 19:18:06','Loaded DefineModel in 39 ms'),(242,'Page','timing','2011-03-05 19:18:11','Loaded ListModels in 14 ms'),(243,'Page','timing','2011-03-05 20:41:09','Loaded DefineModel in 40 ms'),(244,'Page','timing','2011-03-05 20:41:14','Loaded FieldReport in 24 ms'),(245,'Page','timing','2011-03-05 20:41:28','Loaded Page in 24 ms'),(246,'Page','timing','2011-03-06 21:34:15','Loaded ListTables in 90 ms'),(247,'Page','timing','2011-03-06 21:34:21','Loaded DefineTable in 43 ms'),(248,'Page','timing','2011-03-06 21:34:43','Loaded DefineModel in 48 ms'),(249,'Page','timing','2011-03-06 21:34:53','Loaded ListModels in 23 ms'),(250,'Page','timing','2011-03-06 21:36:01','Loaded DefineTable in 45 ms'),(251,'Page','timing','2011-03-06 21:36:48','Loaded DefineTable in 43 ms'),(252,'Page','timing','2011-03-06 21:46:34','Loaded DefineTable in 62 ms'),(253,'Page','timing','2011-03-06 21:48:27','Loaded DefineTable in 52 ms'),(254,'Page','timing','2011-03-06 21:48:52','Loaded DefineModel in 39 ms'),(255,'Page','timing','2011-03-06 21:49:16','Loaded ListTables in 22 ms'),(256,'Page','timing','2011-03-06 21:49:21','Loaded DefineTable in 53 ms'),(257,'Page','timing','2011-03-06 21:49:25','Loaded ManageMenus in 22 ms'),(258,'Page','timing','2011-03-06 21:49:31','Loaded DefineModel in 39 ms'),(259,'Page','timing','2011-03-06 21:49:34','Loaded ListModels in 23 ms'),(260,'Page','timing','2011-03-06 21:53:22','Loaded DefineTable in 54 ms'),(261,'Page','timing','2011-03-06 21:53:26','Loaded DefineTable in 49 ms'),(262,'Page','timing','2011-03-06 21:55:55','Loaded DefineTable in 53 ms'),(263,'Page','timing','2011-03-06 22:02:37','Loaded DefineTable in 55 ms'),(264,'Page','timing','2011-03-06 22:07:39','Loaded DefineTable in 57 ms'),(265,'Page','timing','2011-03-06 22:09:12','Loaded DefineTable in 52 ms'),(266,'Page','timing','2011-03-06 22:30:17','Loaded DefineTable in 46 ms'),(267,'Page','timing','2011-03-06 22:35:12','Loaded DefineTable in 56 ms'),(268,'Page','timing','2011-03-06 22:36:11','Loaded DefineTable in 61 ms'),(269,'Page','timing','2011-03-06 22:36:38','Loaded DefineTable in 52 ms'),(270,'Page','timing','2011-03-10 14:21:02','Loaded ListTables in 69 ms'),(271,'Page','timing','2011-03-10 14:21:04','Loaded DefineTable in 249 ms'),(272,'Page','timing','2011-03-10 14:23:52','Loaded ListTables in 13 ms'),(273,'Page','timing','2011-03-10 14:24:31','Loaded ListTables in 13 ms'),(274,'Page','timing','2011-03-10 14:24:33','Loaded DefineTable in 60 ms'),(275,'Page','timing','2011-03-10 14:27:06','Loaded ListAccounts in 13 ms'),(276,'Page','timing','2011-03-10 14:27:08','Loaded FieldReport in 24 ms'),(277,'Page','timing','2011-03-10 14:27:11','Loaded ManageMenus in 13 ms'),(278,'Page','timing','2011-03-10 14:47:22','Loaded ListTables in 23 ms'),(279,'Page','timing','2011-03-10 14:47:34','Loaded ListTables in 23 ms'),(280,'Page','timing','2011-03-10 14:47:37','Loaded ListTables in 18 ms'),(281,'Page','timing','2011-03-10 14:47:39','Loaded ListTables in 16 ms'),(282,'Page','timing','2011-03-10 15:02:57','Loaded DefineTable in 47 ms'),(283,'Page','timing','2011-03-10 15:08:03','Loaded DefineTable in 46 ms'),(284,'Page','timing','2011-03-10 15:08:49','Loaded DefineModel in 40 ms'),(285,'Page','timing','2011-03-10 15:09:44','Loaded DefineModel in 178 ms'),(286,'Page','timing','2011-03-10 15:11:34','Loaded DefineTable in 45 ms'),(287,'Page','timing','2011-03-10 15:11:40','Loaded DefineTable in 90 ms'),(288,'Page','timing','2011-03-10 15:22:00','Loaded DefineModel in 41 ms'),(289,'Page','timing','2011-03-10 15:29:33','Loaded ListAccounts in 23 ms'),(290,'Page','timing','2011-03-10 15:30:33','Loaded DefineModel in 52 ms'),(291,'Page','timing','2011-03-10 15:31:04','Loaded ListTables in 22 ms'),(292,'Page','timing','2011-03-10 15:31:10','Loaded DefineTable in 53 ms'),(293,'Page','timing','2011-03-10 15:31:14','Loaded ListTables in 22 ms'),(294,'Page','timing','2011-03-10 15:31:26','Loaded DefineTable in 52 ms'),(295,'Page','timing','2011-03-10 15:31:44','Loaded DefineTable in 55 ms'),(296,'Page','timing','2011-03-10 15:33:47','Loaded Page in 25 ms'),(297,'Page','timing','2011-03-10 15:33:48','Loaded DefineTable in 159 ms'),(298,'Page','timing','2011-03-10 15:33:49','Loaded ListModels in 22 ms'),(299,'Page','timing','2011-03-10 15:33:49','Loaded DefineModel in 99 ms'),(300,'Page','timing','2011-03-10 15:33:51','Loaded ManageMenus in 19 ms'),(301,'Page','timing','2011-03-10 15:33:52','Loaded FieldReport in 18 ms'),(302,'Page','timing','2011-03-10 15:33:53','Loaded ListAccounts in 26 ms'),(303,'Page','timing','2011-03-10 15:33:55','Loaded ListTables in 15 ms'),(304,'Page','timing','2011-03-10 15:33:58','Loaded DefineTable in 60 ms'),(305,'Page','timing','2011-03-10 15:34:00','Loaded ListTables in 17 ms'),(306,'Page','timing','2011-03-10 15:39:43','Loaded ListTables in 23 ms'),(307,'Page','timing','2011-03-10 15:39:48','Loaded DefineTable in 53 ms'),(308,'Page','timing','2011-03-10 15:41:17','Loaded ManageMenus in 23 ms'),(309,'Page','timing','2011-03-10 15:41:33','Loaded Page in 15 ms'),(310,'Page','timing','2011-03-10 15:41:38','Loaded DefineModel in 49 ms'),(311,'Page','timing','2011-03-10 15:59:52','Loaded ListTables in 24 ms'),(312,'Page','timing','2011-03-10 15:59:56','Loaded DefineTable in 44 ms');

UNLOCK TABLES;

/*Table structure for table `tan_menu` */

DROP TABLE IF EXISTS `tan_menu`;

CREATE TABLE `tan_menu` (
  `id` char(36) NOT NULL,
  `label` varchar(50) DEFAULT NULL,
  `parentID` char(36) DEFAULT NULL,
  `displayOrder` int(11) DEFAULT NULL,
  `viewID` char(36) DEFAULT NULL,
  `databaseID` char(36) DEFAULT NULL,
  `createdBy` int(11) unsigned DEFAULT NULL,
  `updatedBy` int(11) unsigned DEFAULT NULL,
  `creationDate` datetime DEFAULT NULL,
  `updateDate` datetime DEFAULT NULL,
  `updateProcess` varchar(100) DEFAULT NULL,
  `defaultCondition` text,
  PRIMARY KEY (`id`)
) ENGINE=InnoDB DEFAULT CHARSET=utf8;

/*Data for the table `tan_menu` */

LOCK TABLES `tan_menu` WRITE;

insert  into `tan_menu`(`id`,`label`,`parentID`,`displayOrder`,`viewID`,`databaseID`,`createdBy`,`updatedBy`,`creationDate`,`updateDate`,`updateProcess`,`defaultCondition`) values ('49c36b77-4184-11e0-8705-001c238ae411','List Models','941a47b2-4183-11e0-8705-001c238ae411',40,'e8806a9d-9f57-11df-936f-e37ecc873ea2',NULL,NULL,NULL,NULL,NULL,NULL,NULL),('4a58612b-4184-11e0-8705-001c238ae411','List Pages','941a47b2-4183-11e0-8705-001c238ae411',30,'e8806c5f-9f57-11df-936f-e37ecc873ea2',NULL,NULL,NULL,NULL,NULL,NULL,NULL),('4ac0f42c-4184-11e0-8705-001c238ae411','Define Table','941a47b2-4183-11e0-8705-001c238ae411',20,'e88068d5-9f57-11df-936f-e37ecc873ea2',NULL,NULL,NULL,NULL,NULL,NULL,NULL),('941a47b2-4183-11e0-8705-001c238ae411','Tantalum Developer',NULL,NULL,NULL,NULL,NULL,NULL,NULL,NULL,NULL,NULL),('b363a348-4183-11e0-8705-001c238ae411','List Tables','941a47b2-4183-11e0-8705-001c238ae411',10,'e88065f5-9f57-11df-936f-e37ecc873ea2',NULL,NULL,NULL,NULL,NULL,NULL,NULL),('db15a4f3-4183-11e0-8705-001c238ae411','Define Model','941a47b2-4183-11e0-8705-001c238ae411',50,'88002361-3c7f-11e0-8c47-001c238ae411',NULL,NULL,NULL,NULL,NULL,NULL,NULL),('df1c6713-422a-11e0-8705-001c238ae411','Manage Menus','941a47b2-4183-11e0-8705-001c238ae411',60,'8ae87650-422a-11e0-8705-001c238ae411',NULL,NULL,NULL,NULL,NULL,NULL,NULL),('f49bbada-4241-11e0-8705-001c238ae411','List Accounts','941a47b2-4183-11e0-8705-001c238ae411',80,'b417f3f2-4241-11e0-8705-001c238ae411',NULL,NULL,NULL,NULL,NULL,NULL,NULL),('f6fa57f9-422c-11e0-8705-001c238ae411','Field Report','941a47b2-4183-11e0-8705-001c238ae411',70,'65e1de4e-422c-11e0-8705-001c238ae411',NULL,NULL,NULL,NULL,NULL,NULL,NULL);

UNLOCK TABLES;

/*Table structure for table `tan_model` */

DROP TABLE IF EXISTS `tan_model`;

CREATE TABLE `tan_model` (
  `id` char(36) NOT NULL,
  `createdBy` int(11) unsigned DEFAULT NULL,
  `updatedBy` int(11) unsigned DEFAULT NULL,
  `creationDate` datetime DEFAULT NULL,
  `updateDate` datetime DEFAULT NULL,
  `updateProcess` varchar(100) DEFAULT NULL,
  `resultsPerPage` smallint(6) NOT NULL DEFAULT '0',
  `basisTableID` char(36) DEFAULT NULL,
  `name` varchar(50) NOT NULL,
  `parentID` char(36) DEFAULT NULL,
  `referenceID` char(36) DEFAULT NULL,
  `queryOrder` smallint(6) NOT NULL DEFAULT '0',
  `label` varchar(100) DEFAULT NULL,
  `allowAdd` tinyint(3) unsigned NOT NULL DEFAULT '1',
  `allowEdit` tinyint(3) unsigned NOT NULL DEFAULT '1',
  `allowDelete` tinyint(3) unsigned NOT NULL DEFAULT '1',
  `condition` text,
  PRIMARY KEY (`id`),
  UNIQUE KEY `pageName` (`name`),
  KEY `FK_tan_model_table` (`basisTableID`),
  KEY `FK_tan_model_reference` (`referenceID`),
  CONSTRAINT `FK_tan_model_reference` FOREIGN KEY (`referenceID`) REFERENCES `tan_reference` (`id`) ON UPDATE CASCADE,
  CONSTRAINT `FK_tan_model_table` FOREIGN KEY (`basisTableID`) REFERENCES `tan_table` (`id`) ON UPDATE CASCADE
) ENGINE=InnoDB DEFAULT CHARSET=utf8;

/*Data for the table `tan_model` */

LOCK TABLES `tan_model` WRITE;

insert  into `tan_model`(`id`,`createdBy`,`updatedBy`,`creationDate`,`updateDate`,`updateProcess`,`resultsPerPage`,`basisTableID`,`name`,`parentID`,`referenceID`,`queryOrder`,`label`,`allowAdd`,`allowEdit`,`allowDelete`,`condition`) values ('095e0687-9f58-11df-936f-e37ecc873ea2',NULL,NULL,NULL,NULL,NULL,100,'fce920bd-9f57-11df-936f-e37ecc873ea2','ManageTables',NULL,NULL,0,'Manage Tables',1,1,0,NULL),('095e0978-9f58-11df-936f-e37ecc873ea2',NULL,NULL,NULL,NULL,NULL,10,'fce920bd-9f57-11df-936f-e37ecc873ea2','DefineTable',NULL,NULL,0,'Define Table',1,1,1,NULL),('095e0b79-9f58-11df-936f-e37ecc873ea2',NULL,NULL,NULL,NULL,NULL,100,'fce93485-9f57-11df-936f-e37ecc873ea2','WebpageList',NULL,NULL,0,'List Webpages',1,0,0,NULL),('095e0f48-9f58-11df-936f-e37ecc873ea2',NULL,NULL,NULL,NULL,NULL,0,'fce924a9-9f57-11df-936f-e37ecc873ea2','DefineTableColumn','095e0978-9f58-11df-936f-e37ecc873ea2','e325875d-9f57-11df-936f-e37ecc873ea2',0,NULL,1,1,1,NULL),('095e1122-9f58-11df-936f-e37ecc873ea2',NULL,NULL,NULL,NULL,NULL,0,'fce92fa4-9f57-11df-936f-e37ecc873ea2','ListModels',NULL,NULL,0,'Define Webpage',1,1,1,'ListModelParentID IS NULL'),('095e12fb-9f58-11df-936f-e37ecc873ea2',NULL,NULL,NULL,NULL,NULL,0,'fce92677-9f57-11df-936f-e37ecc873ea2','DefineTableJoinParent','095e0978-9f58-11df-936f-e37ecc873ea2','e3258cbc-9f57-11df-936f-e37ecc873ea2',0,NULL,1,1,1,NULL),('095e14d4-9f58-11df-936f-e37ecc873ea2',NULL,NULL,NULL,NULL,NULL,0,'fce929b7-9f57-11df-936f-e37ecc873ea2','DefineModelField','54e96e2a-3c7f-11e0-8c47-001c238ae411','e3258e29-9f57-11df-936f-e37ecc873ea2',0,NULL,1,1,1,NULL),('095e16ae-9f58-11df-936f-e37ecc873ea2',NULL,NULL,NULL,NULL,NULL,0,'fce93485-9f57-11df-936f-e37ecc873ea2','Views','WAS095e1122-9f58-11df-936f-e37ecc873','e3258f9b-9f57-11df-936f-e37ecc873ea2',0,NULL,1,1,1,NULL),('1588be02-3d0f-11e0-8705-001c238ae411',NULL,NULL,NULL,NULL,NULL,0,'fce93af0-9f57-11df-936f-e37ecc873ea2','DefineTableJoinParentColumns','095e12fb-9f58-11df-936f-e37ecc873ea2','8ede4520-3d0f-11e0-8705-001c238ae411',0,NULL,1,1,1,NULL),('17784223-4495-11e0-8705-001c238ae411',NULL,NULL,NULL,NULL,NULL,100,'27939565-4492-11e0-8705-001c238ae411','InformationSchemaColumn','d72a0c14-4493-11e0-8705-001c238ae411',NULL,0,NULL,1,1,1,NULL),('2c35f8ba-3c86-11e0-8c47-001c238ae411',NULL,NULL,NULL,NULL,NULL,0,'fce93615-9f57-11df-936f-e37ecc873ea2','DefineModelReference','54e96e2a-3c7f-11e0-8c47-001c238ae411','a14d4a5a-3dd9-11e0-8705-001c238ae411',0,NULL,1,1,1,NULL),('459404e9-3d0f-11e0-8705-001c238ae411',NULL,NULL,NULL,NULL,NULL,0,'fce9394a-9f57-11df-936f-e37ecc873ea2','DefineTableIndexColumn','e69acb51-3399-11e0-a9e1-00059a3c7800','d9d3034b-3d0f-11e0-8705-001c238ae411',0,NULL,1,1,1,NULL),('5077d5a1-430b-11e0-8705-001c238ae411',NULL,NULL,NULL,NULL,NULL,0,'fce92fa4-9f57-11df-936f-e37ecc873ea2','ModelTree','5077d5a1-430b-11e0-8705-001c238ae411','a711dd51-430c-11e0-8705-001c238ae411',0,NULL,1,1,1,NULL),('54e96e2a-3c7f-11e0-8c47-001c238ae411',NULL,NULL,NULL,NULL,NULL,5,'fce92fa4-9f57-11df-936f-e37ecc873ea2','DefineModel',NULL,NULL,0,NULL,1,1,1,NULL),('596f118f-339a-11e0-a9e1-00059a3c7800',NULL,NULL,NULL,NULL,NULL,10,'fce93485-9f57-11df-936f-e37ecc873ea2','DefineWebPages',NULL,NULL,0,NULL,1,1,1,NULL),('8eeb3df8-422c-11e0-8705-001c238ae411',NULL,NULL,NULL,NULL,NULL,100,'fce929b7-9f57-11df-936f-e37ecc873ea2','FieldReport',NULL,NULL,0,NULL,1,1,1,NULL),('9e6b94b8-422a-11e0-8705-001c238ae411',NULL,NULL,NULL,NULL,NULL,100,'80f67124-41f9-11e0-8705-001c238ae411','ManageMenus',NULL,NULL,0,NULL,1,1,1,NULL),('a4395be4-4241-11e0-8705-001c238ae411',NULL,NULL,NULL,NULL,NULL,100,'ee1f03e2-3f76-11e0-8705-001c238ae411','ListAccounts',NULL,NULL,0,NULL,1,1,1,NULL),('d72a0c14-4493-11e0-8705-001c238ae411',NULL,NULL,NULL,NULL,NULL,100,'27aa87c4-4492-11e0-8705-001c238ae411','InformationSchema',NULL,NULL,0,NULL,1,1,1,NULL),('e69acb51-3399-11e0-a9e1-00059a3c7800',NULL,NULL,NULL,NULL,NULL,0,'fce937aa-9f57-11df-936f-e37ecc873ea2','DefineTableIndex','095e0978-9f58-11df-936f-e37ecc873ea2','eda16078-3c51-11e0-8c47-001c238ae411',0,NULL,1,1,1,NULL),('fe0e7ad3-3399-11e0-a9e1-00059a3c7800',NULL,NULL,NULL,NULL,NULL,0,'fce92fa4-9f57-11df-936f-e37ecc873ea2','DefineModelModels','54e96e2a-3c7f-11e0-8c47-001c238ae411','b69402eb-3e14-11e0-8705-001c238ae411',0,'Child Models',1,1,1,NULL);

UNLOCK TABLES;

/*Table structure for table `tan_project` */

DROP TABLE IF EXISTS `tan_project`;

CREATE TABLE `tan_project` (
  `id` char(36) NOT NULL,
  `createdBy` int(11) unsigned DEFAULT NULL,
  `updatedBy` int(11) unsigned DEFAULT NULL,
  `creationDate` datetime DEFAULT NULL,
  `updateDate` datetime DEFAULT NULL,
  `updateProcess` varchar(100) DEFAULT NULL,
  `name` varchar(100) NOT NULL,
  `userTableID` char(36) DEFAULT NULL,
  `usernameColumnID` char(36) DEFAULT NULL,
  `passwordColumnID` char(36) DEFAULT NULL,
  `projectCode` varchar(4) DEFAULT NULL,
  PRIMARY KEY (`id`)
) ENGINE=InnoDB DEFAULT CHARSET=utf8;

/*Data for the table `tan_project` */

LOCK TABLES `tan_project` WRITE;

insert  into `tan_project`(`id`,`createdBy`,`updatedBy`,`creationDate`,`updateDate`,`updateProcess`,`name`,`userTableID`,`usernameColumnID`,`passwordColumnID`,`projectCode`) values ('cb2782a4-3c84-11e0-8c47-001c238ae411',NULL,NULL,NULL,NULL,NULL,'PICS',NULL,NULL,NULL,'pics'),('d91b225e-9f57-11df-936f-e37ecc873ea2',NULL,NULL,NULL,NULL,NULL,'Tantalum Builder','fce932f6-9f57-11df-936f-e37ecc873ea2',NULL,NULL,'tb'),('d91b2527-9f57-11df-936f-e37ecc873ea2',NULL,NULL,NULL,NULL,NULL,'Northwind Demo',NULL,NULL,NULL,'mw');

UNLOCK TABLES;

/*Table structure for table `tan_reference` */

DROP TABLE IF EXISTS `tan_reference`;

CREATE TABLE `tan_reference` (
  `id` char(36) NOT NULL,
  `createdBy` int(11) unsigned DEFAULT NULL,
  `updatedBy` int(11) unsigned DEFAULT NULL,
  `creationDate` datetime DEFAULT NULL,
  `updateDate` datetime DEFAULT NULL,
  `updateProcess` varchar(100) DEFAULT NULL,
  `modelID` char(36) NOT NULL,
  `joinID` char(36) NOT NULL,
  `parentID` char(36) DEFAULT NULL,
  `name` varchar(50) DEFAULT NULL,
  PRIMARY KEY (`id`)
) ENGINE=InnoDB DEFAULT CHARSET=utf8;

/*Data for the table `tan_reference` */

LOCK TABLES `tan_reference` WRITE;

insert  into `tan_reference`(`id`,`createdBy`,`updatedBy`,`creationDate`,`updateDate`,`updateProcess`,`modelID`,`joinID`,`parentID`,`name`) values ('1cf68a98-2909-11e0-b23a-001c238ae411',NULL,NULL,NULL,NULL,NULL,'095e1122-9f58-11df-936f-e37ecc873ea2','dd273887-2909-11e0-b23a-001c238ae411',NULL,'ModelToBasisTable'),('2dbc11c0-3e5c-11e0-8705-001c238ae411',NULL,NULL,NULL,NULL,NULL,'459404e9-3d0f-11e0-8705-001c238ae411','b02a319d-3e5b-11e0-8705-001c238ae411',NULL,'IndexColumnToColumn'),('852ee65e-3f67-11e0-8705-001c238ae411',NULL,NULL,NULL,NULL,NULL,'095e14d4-9f58-11df-936f-e37ecc873ea2','8db38e11-9f57-11df-936f-e37ecc873ea2','b5ac0617-3f65-11e0-8705-001c238ae411','FieldToBasisColumnToTable'),('88a6c21c-3f6a-11e0-8705-001c238ae411',NULL,NULL,NULL,NULL,NULL,'54e96e2a-3c7f-11e0-8c47-001c238ae411','dd273887-2909-11e0-b23a-001c238ae411',NULL,'ModelToBasisTable'),('8ede4520-3d0f-11e0-8705-001c238ae411',NULL,NULL,NULL,NULL,NULL,'1588be02-3d0f-11e0-8705-001c238ae411','8db39744-9f57-11df-936f-e37ecc873ea2',NULL,'JoinColumnToJoin'),('a14d4a5a-3dd9-11e0-8705-001c238ae411',NULL,NULL,NULL,NULL,NULL,'2c35f8ba-3c86-11e0-8c47-001c238ae411','80a8d90e-3c86-11e0-8c47-001c238ae411',NULL,'ReferenceToModel'),('a711dd51-430c-11e0-8705-001c238ae411',NULL,NULL,NULL,NULL,NULL,'5077d5a1-430b-11e0-8705-001c238ae411','521d6fc2-3e14-11e0-8705-001c238ae411',NULL,'ParentModel'),('b5ac0617-3f65-11e0-8705-001c238ae411',NULL,NULL,NULL,NULL,NULL,'095e14d4-9f58-11df-936f-e37ecc873ea2','8db398d3-9f57-11df-936f-e37ecc873ea2',NULL,'FieldToBasisColumn'),('b69402eb-3e14-11e0-8705-001c238ae411',NULL,NULL,NULL,NULL,NULL,'fe0e7ad3-3399-11e0-a9e1-00059a3c7800','521d6fc2-3e14-11e0-8705-001c238ae411',NULL,'ModelToParent'),('d9d3034b-3d0f-11e0-8705-001c238ae411',NULL,NULL,NULL,NULL,NULL,'459404e9-3d0f-11e0-8705-001c238ae411','aa5e402a-3d41-11e0-8705-001c238ae411',NULL,'IndexColumnToIndex'),('e140c8ec-487d-11e0-9ee0-001c238ae411',NULL,NULL,NULL,NULL,NULL,'1588be02-3d0f-11e0-8705-001c238ae411','07eaf05b-487d-11e0-9ee0-001c238ae411',NULL,'JoinColumnToColumnFrom'),('e14afc96-487d-11e0-9ee0-001c238ae411',NULL,NULL,NULL,NULL,NULL,'1588be02-3d0f-11e0-8705-001c238ae411','07e10339-487d-11e0-9ee0-001c238ae411',NULL,'JoinColumnToColumnTo'),('e325875d-9f57-11df-936f-e37ecc873ea2',NULL,NULL,NULL,NULL,NULL,'095e0f48-9f58-11df-936f-e37ecc873ea2','8db38e11-9f57-11df-936f-e37ecc873ea2',NULL,'ColumnToTable'),('e3258b49-9f57-11df-936f-e37ecc873ea2',NULL,NULL,NULL,NULL,NULL,'095e12fb-9f58-11df-936f-e37ecc873ea2','8db395af-9f57-11df-936f-e37ecc873ea2',NULL,'JoinToParentTable'),('e3258cbc-9f57-11df-936f-e37ecc873ea2',NULL,NULL,NULL,NULL,NULL,'095e12fb-9f58-11df-936f-e37ecc873ea2','8db390c3-9f57-11df-936f-e37ecc873ea2',NULL,'JoinToChildTable'),('e3258e29-9f57-11df-936f-e37ecc873ea2',NULL,NULL,NULL,NULL,NULL,'095e14d4-9f58-11df-936f-e37ecc873ea2','8db39414-9f57-11df-936f-e37ecc873ea2',NULL,'FieldToModel'),('e3258f9b-9f57-11df-936f-e37ecc873ea2',NULL,NULL,NULL,NULL,NULL,'095e16ae-9f58-11df-936f-e37ecc873ea2','8db39bfd-9f57-11df-936f-e37ecc873ea2',NULL,'ViewToModel'),('eda16078-3c51-11e0-8c47-001c238ae411',NULL,NULL,NULL,NULL,NULL,'e69acb51-3399-11e0-a9e1-00059a3c7800','ef22396f-3c50-11e0-8c47-001c238ae411',NULL,'IndexToTable');

UNLOCK TABLES;

/*Table structure for table `tan_table` */

DROP TABLE IF EXISTS `tan_table`;

CREATE TABLE `tan_table` (
  `id` char(36) NOT NULL,
  `createdBy` int(11) unsigned DEFAULT NULL,
  `updatedBy` int(11) unsigned DEFAULT NULL,
  `creationDate` datetime DEFAULT NULL,
  `updateDate` datetime DEFAULT NULL,
  `updateProcess` varchar(100) DEFAULT NULL,
  `name` varchar(50) NOT NULL,
  `dbName` varchar(50) NOT NULL,
  `projectID` char(36) DEFAULT NULL,
  `databaseID` char(36) DEFAULT NULL,
  PRIMARY KEY (`id`),
  UNIQUE KEY `name` (`name`,`projectID`)
) ENGINE=InnoDB DEFAULT CHARSET=utf8;

/*Data for the table `tan_table` */

LOCK TABLES `tan_table` WRITE;

insert  into `tan_table`(`id`,`createdBy`,`updatedBy`,`creationDate`,`updateDate`,`updateProcess`,`name`,`dbName`,`projectID`,`databaseID`) values ('27939565-4492-11e0-8705-001c238ae411',NULL,NULL,NULL,NULL,NULL,'RealColumn','information_schema.columns',NULL,NULL),('27aa87c4-4492-11e0-8705-001c238ae411',NULL,NULL,NULL,NULL,NULL,'RealTable','information_schema.tables',NULL,NULL),('80f67124-41f9-11e0-8705-001c238ae411',NULL,NULL,NULL,NULL,NULL,'Menu','tan_menu',NULL,NULL),('d397139d-4205-11e0-8705-001c238ae411',NULL,NULL,NULL,NULL,NULL,'FieldActionDetail','tan_field_action_detail',NULL,NULL),('d3a36fcd-4205-11e0-8705-001c238ae411',NULL,NULL,NULL,NULL,NULL,'FieldAction','tan_field_action',NULL,NULL),('e2a96b9a-4494-11e0-8705-001c238ae411',NULL,NULL,NULL,NULL,NULL,'Button','tan_button',NULL,NULL),('ee1f03e2-3f76-11e0-8705-001c238ae411',NULL,NULL,NULL,NULL,NULL,'Account','accounts',NULL,NULL),('fce920bd-9f57-11df-936f-e37ecc873ea2',NULL,NULL,NULL,NULL,NULL,'Table','tan_table','d91b225e-9f57-11df-936f-e37ecc873ea2','4fb1a314-9f56-11df-936f-e37ecc873ea2'),('fce924a9-9f57-11df-936f-e37ecc873ea2',NULL,NULL,NULL,NULL,NULL,'Column','tan_column','d91b225e-9f57-11df-936f-e37ecc873ea2','4fb1a314-9f56-11df-936f-e37ecc873ea2'),('fce92677-9f57-11df-936f-e37ecc873ea2',NULL,NULL,NULL,NULL,NULL,'Join','tan_join','d91b225e-9f57-11df-936f-e37ecc873ea2','4fb1a314-9f56-11df-936f-e37ecc873ea2'),('fce929b7-9f57-11df-936f-e37ecc873ea2',NULL,NULL,NULL,NULL,NULL,'Field','tan_field','d91b225e-9f57-11df-936f-e37ecc873ea2','4fb1a314-9f56-11df-936f-e37ecc873ea2'),('fce92fa4-9f57-11df-936f-e37ecc873ea2',NULL,NULL,NULL,NULL,NULL,'Model','tan_model','d91b225e-9f57-11df-936f-e37ecc873ea2','4fb1a314-9f56-11df-936f-e37ecc873ea2'),('fce93150-9f57-11df-936f-e37ecc873ea2',NULL,NULL,NULL,NULL,NULL,'Enum','tan_enum','d91b225e-9f57-11df-936f-e37ecc873ea2','4fb1a314-9f56-11df-936f-e37ecc873ea2'),('fce932f6-9f57-11df-936f-e37ecc873ea2',NULL,NULL,NULL,NULL,NULL,'User','tan_user','d91b225e-9f57-11df-936f-e37ecc873ea2','4fb1a314-9f56-11df-936f-e37ecc873ea2'),('fce93485-9f57-11df-936f-e37ecc873ea2',NULL,NULL,NULL,NULL,NULL,'View','tan_view','d91b225e-9f57-11df-936f-e37ecc873ea2','4fb1a314-9f56-11df-936f-e37ecc873ea2'),('fce93615-9f57-11df-936f-e37ecc873ea2',NULL,NULL,NULL,NULL,NULL,'Reference','tan_reference','d91b225e-9f57-11df-936f-e37ecc873ea2','4fb1a314-9f56-11df-936f-e37ecc873ea2'),('fce937aa-9f57-11df-936f-e37ecc873ea2',NULL,NULL,NULL,NULL,NULL,'Index','tan_index','d91b225e-9f57-11df-936f-e37ecc873ea2','4fb1a314-9f56-11df-936f-e37ecc873ea2'),('fce9394a-9f57-11df-936f-e37ecc873ea2',NULL,NULL,NULL,NULL,NULL,'IndexColumn','tan_index_column','d91b225e-9f57-11df-936f-e37ecc873ea2','4fb1a314-9f56-11df-936f-e37ecc873ea2'),('fce93af0-9f57-11df-936f-e37ecc873ea2',NULL,NULL,NULL,NULL,NULL,'JoinColumn','tan_join_column','d91b225e-9f57-11df-936f-e37ecc873ea2','4fb1a314-9f56-11df-936f-e37ecc873ea2');

UNLOCK TABLES;

/*Table structure for table `tan_user` */

DROP TABLE IF EXISTS `tan_user`;

CREATE TABLE `tan_user` (
  `id` int(11) unsigned NOT NULL AUTO_INCREMENT,
  `createdBy` int(11) unsigned DEFAULT NULL,
  `updatedBy` int(11) unsigned DEFAULT NULL,
  `creationDate` datetime DEFAULT NULL,
  `updateDate` datetime DEFAULT NULL,
  `updateProcess` varchar(100) DEFAULT NULL,
  `username` varchar(100) NOT NULL,
  `password` varchar(100) DEFAULT NULL,
  PRIMARY KEY (`id`)
) ENGINE=InnoDB AUTO_INCREMENT=2 DEFAULT CHARSET=utf8;

/*Data for the table `tan_user` */

LOCK TABLES `tan_user` WRITE;

insert  into `tan_user`(`id`,`createdBy`,`updatedBy`,`creationDate`,`updateDate`,`updateProcess`,`username`,`password`) values (1,NULL,NULL,NULL,NULL,NULL,'tallred',NULL);

UNLOCK TABLES;

/*Table structure for table `tan_view` */

DROP TABLE IF EXISTS `tan_view`;

CREATE TABLE `tan_view` (
  `id` char(36) NOT NULL,
  `createdBy` int(11) unsigned DEFAULT NULL,
  `updatedBy` int(11) unsigned DEFAULT NULL,
  `creationDate` datetime DEFAULT NULL,
  `updateDate` datetime DEFAULT NULL,
  `updateProcess` varchar(100) DEFAULT NULL,
  `viewType` varchar(50) DEFAULT NULL,
  `modelID` char(36) DEFAULT NULL,
  `parentID` char(36) DEFAULT NULL,
  `name` varchar(50) DEFAULT NULL,
  `label` varchar(100) DEFAULT NULL,
  `displayOrder` int(11) DEFAULT '10',
  `weight` int(11) DEFAULT '1',
  PRIMARY KEY (`id`),
  KEY `FK_tan_view` (`modelID`),
  CONSTRAINT `FK_tan_view` FOREIGN KEY (`modelID`) REFERENCES `tan_model` (`id`) ON DELETE SET NULL ON UPDATE CASCADE
) ENGINE=InnoDB DEFAULT CHARSET=utf8;

/*Data for the table `tan_view` */

LOCK TABLES `tan_view` WRITE;

insert  into `tan_view`(`id`,`createdBy`,`updatedBy`,`creationDate`,`updateDate`,`updateProcess`,`viewType`,`modelID`,`parentID`,`name`,`label`,`displayOrder`,`weight`) values ('05d0777b-3c83-11e0-8c47-001c238ae411',NULL,NULL,NULL,NULL,NULL,'Grid','095e14d4-9f58-11df-936f-e37ecc873ea2','5f9a65ea-3c83-11e0-8c47-001c238ae411','DefineModelField','Field',20,1),('0df07b20-3c83-11e0-8c47-001c238ae411',NULL,NULL,NULL,NULL,NULL,'Grid','2c35f8ba-3c86-11e0-8c47-001c238ae411','5f9a65ea-3c83-11e0-8c47-001c238ae411','DefineModelReference','Reference',30,1),('32ee7a32-3d10-11e0-8705-001c238ae411',NULL,NULL,NULL,NULL,NULL,'Grid','459404e9-3d0f-11e0-8705-001c238ae411','3a9418f5-3dd7-11e0-8705-001c238ae411','DefineTableIndexColumn','Index Columns',20,1),('3a9418f5-3dd7-11e0-8705-001c238ae411',NULL,NULL,NULL,NULL,NULL,'Container',NULL,'aedf4d33-379f-11e0-86aa-001c238ae411','DefineTableIndexContainer','Indexes',30,1),('5f9a65ea-3c83-11e0-8c47-001c238ae411',NULL,NULL,NULL,NULL,NULL,'Tabs',NULL,'88002361-3c7f-11e0-8c47-001c238ae411','DefineModelChildren','Data',10,1),('65e1de4e-422c-11e0-8705-001c238ae411',NULL,NULL,NULL,NULL,NULL,'Container','8eeb3df8-422c-11e0-8705-001c238ae411',NULL,'FieldReport','Field Report',10,1),('88002361-3c7f-11e0-8c47-001c238ae411',NULL,NULL,NULL,NULL,NULL,'Grid','54e96e2a-3c7f-11e0-8c47-001c238ae411',NULL,'DefineModel','Define Model',10,1),('8ae87650-422a-11e0-8705-001c238ae411',NULL,NULL,NULL,NULL,NULL,'Grid','9e6b94b8-422a-11e0-8705-001c238ae411',NULL,'ManageMenus','Manage Menus',10,1),('aedf4d33-379f-11e0-86aa-001c238ae411',NULL,NULL,NULL,NULL,NULL,'Tabs',NULL,'e88068d5-9f57-11df-936f-e37ecc873ea2','DefineTableTabs','Tabs',10,1),('b417f3f2-4241-11e0-8705-001c238ae411',NULL,NULL,NULL,NULL,NULL,'Grid','a4395be4-4241-11e0-8705-001c238ae411',NULL,'ListAccounts','List Accounts',10,1),('b7bc1542-3399-11e0-a9e1-00059a3c7800',NULL,NULL,NULL,NULL,NULL,'Grid','fe0e7ad3-3399-11e0-a9e1-00059a3c7800','5f9a65ea-3c83-11e0-8c47-001c238ae411','DefineModelModel','Children Models',10,1),('be373ebd-3d10-11e0-8705-001c238ae411',NULL,NULL,NULL,NULL,NULL,'Grid','1588be02-3d0f-11e0-8705-001c238ae411','e880753d-9f57-11df-936f-e37ecc873ea2','DefineTableJoinColumn','Join Columns',20,1),('ca272d48-339a-11e0-a9e1-00059a3c7800',NULL,NULL,NULL,NULL,NULL,'Form',NULL,NULL,'DefinePages','Define Pages',1,1),('e06fe13d-422d-11e0-8705-001c238ae411',NULL,NULL,NULL,NULL,NULL,'Form','8eeb3df8-422c-11e0-8705-001c238ae411','65e1de4e-422c-11e0-8705-001c238ae411','FieldReportForm','Field Detail',20,1),('e07828b3-422d-11e0-8705-001c238ae411',NULL,NULL,NULL,NULL,NULL,'Grid','8eeb3df8-422c-11e0-8705-001c238ae411','65e1de4e-422c-11e0-8705-001c238ae411','FieldReportGrid','Fields',10,1),('e88065f5-9f57-11df-936f-e37ecc873ea2',NULL,NULL,NULL,NULL,NULL,'Grid','095e0687-9f58-11df-936f-e37ecc873ea2',NULL,'ListTables','List Tables',1,1),('e88068d5-9f57-11df-936f-e37ecc873ea2',NULL,NULL,NULL,NULL,NULL,'Form','095e0978-9f58-11df-936f-e37ecc873ea2',NULL,'DefineTable','Define Table',10,1),('e8806a9d-9f57-11df-936f-e37ecc873ea2',NULL,NULL,NULL,NULL,NULL,'Grid','095e1122-9f58-11df-936f-e37ecc873ea2',NULL,'ListModels','List Models',10,1),('e8806c5f-9f57-11df-936f-e37ecc873ea2',NULL,NULL,NULL,NULL,NULL,'Grid','095e0b79-9f58-11df-936f-e37ecc873ea2',NULL,'Page','List Pages',10,1),('e8806e17-9f57-11df-936f-e37ecc873ea2',NULL,NULL,NULL,NULL,NULL,'Grid','095e0f48-9f58-11df-936f-e37ecc873ea2','aedf4d33-379f-11e0-86aa-001c238ae411','DefineTableColumns','Columns',10,1),('e8806fce-9f57-11df-936f-e37ecc873ea2',NULL,NULL,NULL,NULL,NULL,'Grid','095e12fb-9f58-11df-936f-e37ecc873ea2','e880753d-9f57-11df-936f-e37ecc873ea2','DefineTableJoin','Joins',10,1),('e880737b-9f57-11df-936f-e37ecc873ea2',NULL,NULL,NULL,NULL,NULL,'Container',NULL,NULL,'ManageTables','ManageTables',10,1),('e880753d-9f57-11df-936f-e37ecc873ea2',NULL,NULL,NULL,NULL,NULL,'Container',NULL,'aedf4d33-379f-11e0-86aa-001c238ae411','DefineTableJoinContainer','Joins',20,1),('e88076f4-9f57-11df-936f-e37ecc873ea2',NULL,NULL,NULL,NULL,NULL,'Form','095e1122-9f58-11df-936f-e37ecc873ea2','e880789a-9f57-11df-936f-e37ecc873ea2','Models','Model',10,1),('e880789a-9f57-11df-936f-e37ecc873ea2',NULL,NULL,NULL,NULL,NULL,'Container',NULL,NULL,'Top','Top',10,1),('e8807a52-9f57-11df-936f-e37ecc873ea2',NULL,NULL,NULL,NULL,NULL,'Grid','095e14d4-9f58-11df-936f-e37ecc873ea2','e88076f4-9f57-11df-936f-e37ecc873ea2','Fields','Fields',20,1),('e8807c09-9f57-11df-936f-e37ecc873ea2',NULL,NULL,NULL,NULL,NULL,'Grid','095e16ae-9f58-11df-936f-e37ecc873ea2','e88076f4-9f57-11df-936f-e37ecc873ea2','Views','Views',30,1),('ebb5eb9f-3bf5-11e0-8c47-001c238ae411',NULL,NULL,NULL,NULL,NULL,'Grid','e69acb51-3399-11e0-a9e1-00059a3c7800','3a9418f5-3dd7-11e0-8705-001c238ae411','DefineTableIndex','Indexes',10,1);

UNLOCK TABLES;

/*!40101 SET SQL_MODE=@OLD_SQL_MODE */;
/*!40014 SET FOREIGN_KEY_CHECKS=@OLD_FOREIGN_KEY_CHECKS */;
